-- phpMyAdmin SQL Dump
-- version 4.0.10deb1
-- http://www.phpmyadmin.net
--
-- Host: localhost
-- Generation Time: Dec 16, 2015 at 11:18 AM
-- Server version: 5.5.44-0ubuntu0.14.04.1
-- PHP Version: 5.5.9-1ubuntu4.13

SET SQL_MODE = "NO_AUTO_VALUE_ON_ZERO";
SET time_zone = "+00:00";


/*!40101 SET @OLD_CHARACTER_SET_CLIENT=@@CHARACTER_SET_CLIENT */;
/*!40101 SET @OLD_CHARACTER_SET_RESULTS=@@CHARACTER_SET_RESULTS */;
/*!40101 SET @OLD_COLLATION_CONNECTION=@@COLLATION_CONNECTION */;
/*!40101 SET NAMES utf8 */;

--
-- Database: `70MBPS`
--

-- --------------------------------------------------------

--
-- Table structure for table `building_strengthening_design`
--

CREATE TABLE IF NOT EXISTS `building_strengthening_design` (
  `siteId` varchar(8) DEFAULT NULL,
  `structuralDrafter` varchar(10) DEFAULT NULL,
  `buildingStrengtheningDesign_completed` varchar(10) DEFAULT NULL,
  `boq_completed` varchar(10) DEFAULT NULL,
  `design_revision_number` varchar(10) DEFAULT NULL,
  `designCheck_andApprove` varchar(10) DEFAULT NULL,
  `buildingStrengthening_designsubmitted_to_TMG` varchar(10) DEFAULT NULL,
  `comments` varchar(10) DEFAULT NULL
) ENGINE=MyISAM DEFAULT CHARSET=utf8;

--
-- Dumping data for table `building_strengthening_design`
--

INSERT INTO `building_strengthening_design` (`siteId`, `structuralDrafter`, `buildingStrengtheningDesign_completed`, `boq_completed`, `design_revision_number`, `designCheck_andApprove`, `buildingStrengthening_designsubmitted_to_TMG`, `comments`) VALUES
('02CLG003', NULL, NULL, NULL, NULL, NULL, NULL, NULL),
('02RKB073', NULL, NULL, NULL, NULL, NULL, NULL, NULL),
('02RKB005', NULL, NULL, NULL, NULL, NULL, NULL, NULL),
('01JKT078', NULL, NULL, NULL, NULL, NULL, NULL, NULL),
('02SRG038', NULL, NULL, NULL, NULL, NULL, NULL, NULL),
('01JKP177', NULL, NULL, NULL, NULL, NULL, NULL, NULL),
('01JKS179', NULL, NULL, NULL, NULL, NULL, NULL, NULL),
('03BGR095', NULL, NULL, NULL, NULL, NULL, NULL, NULL),
('03KRW014', NULL, NULL, NULL, NULL, NULL, NULL, NULL),
('02TGR002', NULL, NULL, NULL, NULL, NULL, NULL, NULL),
('01JKT085', NULL, NULL, NULL, NULL, NULL, NULL, NULL),
('01JKP666', NULL, NULL, NULL, NULL, NULL, NULL, NULL),
('02TGN082', NULL, NULL, NULL, NULL, NULL, NULL, NULL),
('02TGN099', NULL, NULL, NULL, NULL, NULL, NULL, NULL),
('01JKP832', NULL, NULL, NULL, NULL, NULL, NULL, NULL),
('02TGN043', NULL, NULL, NULL, NULL, NULL, NULL, NULL),
('01JKB367', NULL, NULL, NULL, NULL, NULL, NULL, NULL),
('01JKP044', NULL, NULL, NULL, NULL, NULL, NULL, NULL),
('03CBN068', NULL, NULL, NULL, NULL, NULL, NULL, NULL),
('03BKS218', NULL, NULL, NULL, NULL, NULL, NULL, NULL),
('02TGN010', NULL, NULL, NULL, NULL, NULL, NULL, NULL),
('01JKT100', NULL, NULL, NULL, NULL, NULL, NULL, NULL),
('03CBN094', NULL, NULL, NULL, NULL, NULL, NULL, NULL),
('02TGN241', NULL, NULL, NULL, NULL, NULL, NULL, NULL),
('02PDG007', NULL, NULL, NULL, NULL, NULL, NULL, NULL),
('03CBN189', NULL, NULL, NULL, NULL, NULL, NULL, NULL),
('03CBN061', NULL, NULL, NULL, NULL, NULL, NULL, NULL),
('03CJR141', NULL, NULL, NULL, NULL, NULL, NULL, NULL),
('03KRW143', NULL, NULL, NULL, NULL, NULL, NULL, NULL),
('03CKR172', NULL, NULL, NULL, NULL, NULL, NULL, NULL),
('02PDG043', NULL, NULL, NULL, NULL, NULL, NULL, NULL),
('03DPK009', NULL, NULL, NULL, NULL, NULL, NULL, NULL),
('03CKR042', NULL, NULL, NULL, NULL, NULL, NULL, NULL),
('02CLG004', NULL, NULL, NULL, NULL, NULL, NULL, NULL),
('02RKB108', NULL, NULL, NULL, NULL, NULL, NULL, NULL),
('02TGN032', NULL, NULL, NULL, NULL, NULL, NULL, NULL),
('03KRW059', NULL, NULL, NULL, NULL, NULL, NULL, NULL),
('02RKB133', NULL, NULL, NULL, NULL, NULL, NULL, NULL),
('02RKB022', NULL, NULL, NULL, NULL, NULL, NULL, NULL),
('02TGN110', NULL, NULL, NULL, NULL, NULL, NULL, NULL),
('02TGN187', NULL, NULL, NULL, NULL, NULL, NULL, NULL),
('03CBN310', NULL, NULL, NULL, NULL, NULL, NULL, NULL),
('02TGN012', NULL, NULL, NULL, NULL, NULL, NULL, NULL),
('02RKB013', NULL, NULL, NULL, NULL, NULL, NULL, NULL),
('01JKS319', NULL, NULL, NULL, NULL, NULL, NULL, NULL),
('02PDG008', NULL, NULL, NULL, NULL, NULL, NULL, NULL),
('03KRW172', NULL, NULL, NULL, NULL, NULL, NULL, NULL),
('02PDG012', NULL, NULL, NULL, NULL, NULL, NULL, NULL),
('02RKB072', NULL, NULL, NULL, NULL, NULL, NULL, NULL),
('02RKB109', NULL, NULL, NULL, NULL, NULL, NULL, NULL),
('02RKB131', NULL, NULL, NULL, NULL, NULL, NULL, NULL),
('02PDG076', NULL, NULL, NULL, NULL, NULL, NULL, NULL),
('02TGN107', NULL, NULL, NULL, NULL, NULL, NULL, NULL),
('01JKP677', NULL, NULL, NULL, NULL, NULL, NULL, NULL),
('01JKS203', NULL, NULL, NULL, NULL, NULL, NULL, NULL),
('01JKB039', NULL, NULL, NULL, NULL, NULL, NULL, NULL),
('02CLG001', NULL, NULL, NULL, NULL, NULL, NULL, NULL),
('03KRW024', NULL, NULL, NULL, NULL, NULL, NULL, NULL),
('02RKB001', NULL, NULL, NULL, NULL, NULL, NULL, NULL),
('01JKP468', NULL, NULL, NULL, NULL, NULL, NULL, NULL),
('02SRG002', NULL, NULL, NULL, NULL, NULL, NULL, NULL),
('01JKS153', NULL, NULL, NULL, NULL, NULL, NULL, NULL),
('01JKS225', NULL, NULL, NULL, NULL, NULL, NULL, NULL),
('01JKP206', NULL, NULL, NULL, NULL, NULL, NULL, NULL),
('03CBN002', NULL, NULL, NULL, NULL, NULL, NULL, NULL),
('03KRW003', NULL, NULL, NULL, NULL, NULL, NULL, NULL),
('02TGR017', NULL, NULL, NULL, NULL, NULL, NULL, NULL),
('01JKP233', NULL, NULL, NULL, NULL, NULL, NULL, NULL),
('02TGN040', NULL, NULL, NULL, NULL, NULL, NULL, NULL),
('02TGR035', NULL, NULL, NULL, NULL, NULL, NULL, NULL),
('01JKP237', NULL, NULL, NULL, NULL, NULL, NULL, NULL),
('03CKR010', NULL, NULL, NULL, NULL, NULL, NULL, NULL),
('02TGN053', NULL, NULL, NULL, NULL, NULL, NULL, NULL),
('03CBN006', NULL, NULL, NULL, NULL, NULL, NULL, NULL),
('01JKB118', NULL, NULL, NULL, NULL, NULL, NULL, NULL),
('03BKS080', NULL, NULL, NULL, NULL, NULL, NULL, NULL),
('02PDG025', NULL, NULL, NULL, NULL, NULL, NULL, NULL),
('03CBN116', NULL, NULL, NULL, NULL, NULL, NULL, NULL),
('03KRW100', NULL, NULL, NULL, NULL, NULL, NULL, NULL),
('03KRW019', NULL, NULL, NULL, NULL, NULL, NULL, NULL),
('02PDG006', NULL, NULL, NULL, NULL, NULL, NULL, NULL),
('03KRW029', NULL, NULL, NULL, NULL, NULL, NULL, NULL),
('02RKB033', NULL, NULL, NULL, NULL, NULL, NULL, NULL),
('02TGN080', NULL, NULL, NULL, NULL, NULL, NULL, NULL),
('01JKS011', NULL, NULL, NULL, NULL, NULL, NULL, NULL),
('02PDG002', NULL, NULL, NULL, NULL, NULL, NULL, NULL),
('03KRW025', NULL, NULL, NULL, NULL, NULL, NULL, NULL),
('02RKB101', NULL, NULL, NULL, NULL, NULL, NULL, NULL),
('02RKB007', NULL, NULL, NULL, NULL, NULL, NULL, NULL),
('03CBN241', NULL, NULL, NULL, NULL, NULL, NULL, NULL),
('01JKU163', NULL, NULL, NULL, NULL, NULL, NULL, NULL),
('03CBN066', NULL, NULL, NULL, NULL, NULL, NULL, NULL),
('02TGN033', NULL, NULL, NULL, NULL, NULL, NULL, NULL);

-- --------------------------------------------------------

--
-- Table structure for table `building_structural_analysis`
--

CREATE TABLE IF NOT EXISTS `building_structural_analysis` (
  `siteId` varchar(8) DEFAULT NULL,
  `structuralEngineer` varchar(10) DEFAULT NULL,
  `buildingAnalysis_completed` varchar(10) DEFAULT NULL,
  `buildingStrenghtening_completed` varchar(10) DEFAULT NULL,
  `buildingType` varchar(10) DEFAULT NULL,
  `numberOf_floors` varchar(10) DEFAULT NULL,
  `GuaranteeLetter_releaased` varchar(10) DEFAULT NULL,
  `InstallationBefore_strengthening_possible` varchar(10) DEFAULT NULL,
  `comments` varchar(10) DEFAULT NULL
) ENGINE=MyISAM DEFAULT CHARSET=utf8;

--
-- Dumping data for table `building_structural_analysis`
--

INSERT INTO `building_structural_analysis` (`siteId`, `structuralEngineer`, `buildingAnalysis_completed`, `buildingStrenghtening_completed`, `buildingType`, `numberOf_floors`, `GuaranteeLetter_releaased`, `InstallationBefore_strengthening_possible`, `comments`) VALUES
('02CLG003', NULL, NULL, NULL, NULL, NULL, NULL, NULL, NULL),
('02RKB073', NULL, NULL, NULL, NULL, NULL, NULL, NULL, NULL),
('02RKB005', NULL, NULL, NULL, NULL, NULL, NULL, NULL, NULL),
('01JKT078', NULL, NULL, NULL, NULL, NULL, NULL, NULL, NULL),
('02SRG038', NULL, NULL, NULL, NULL, NULL, NULL, NULL, NULL),
('01JKP177', NULL, NULL, NULL, NULL, NULL, NULL, NULL, NULL),
('01JKS179', NULL, NULL, NULL, NULL, NULL, NULL, NULL, NULL),
('03BGR095', NULL, NULL, NULL, NULL, NULL, NULL, NULL, NULL),
('03KRW014', NULL, NULL, NULL, NULL, NULL, NULL, NULL, NULL),
('02TGR002', NULL, NULL, NULL, NULL, NULL, NULL, NULL, NULL),
('01JKT085', NULL, NULL, NULL, NULL, NULL, NULL, NULL, NULL),
('01JKP666', NULL, NULL, NULL, NULL, NULL, NULL, NULL, NULL),
('02TGN082', NULL, NULL, NULL, NULL, NULL, NULL, NULL, NULL),
('02TGN099', NULL, NULL, NULL, NULL, NULL, NULL, NULL, NULL),
('01JKP832', NULL, NULL, NULL, NULL, NULL, NULL, NULL, NULL),
('02TGN043', NULL, NULL, NULL, NULL, NULL, NULL, NULL, NULL),
('01JKB367', NULL, NULL, NULL, NULL, NULL, NULL, NULL, NULL),
('01JKP044', NULL, NULL, NULL, NULL, NULL, NULL, NULL, NULL),
('03CBN068', NULL, NULL, NULL, NULL, NULL, NULL, NULL, NULL),
('03BKS218', NULL, NULL, NULL, NULL, NULL, NULL, NULL, NULL),
('02TGN010', NULL, NULL, NULL, NULL, NULL, NULL, NULL, NULL),
('01JKT100', NULL, NULL, NULL, NULL, NULL, NULL, NULL, NULL),
('03CBN094', NULL, NULL, NULL, NULL, NULL, NULL, NULL, NULL),
('02TGN241', NULL, NULL, NULL, NULL, NULL, NULL, NULL, NULL),
('02PDG007', NULL, NULL, NULL, NULL, NULL, NULL, NULL, NULL),
('03CBN189', NULL, NULL, NULL, NULL, NULL, NULL, NULL, NULL),
('03CBN061', NULL, NULL, NULL, NULL, NULL, NULL, NULL, NULL),
('03CJR141', NULL, NULL, NULL, NULL, NULL, NULL, NULL, NULL),
('03KRW143', NULL, NULL, NULL, NULL, NULL, NULL, NULL, NULL),
('03CKR172', NULL, NULL, NULL, NULL, NULL, NULL, NULL, NULL),
('02PDG043', NULL, NULL, NULL, NULL, NULL, NULL, NULL, NULL),
('03DPK009', NULL, NULL, NULL, NULL, NULL, NULL, NULL, NULL),
('03CKR042', NULL, NULL, NULL, NULL, NULL, NULL, NULL, NULL),
('02CLG004', NULL, NULL, NULL, NULL, NULL, NULL, NULL, NULL),
('02RKB108', NULL, NULL, NULL, NULL, NULL, NULL, NULL, NULL),
('02TGN032', NULL, NULL, NULL, NULL, NULL, NULL, NULL, NULL),
('03KRW059', NULL, NULL, NULL, NULL, NULL, NULL, NULL, NULL),
('02RKB133', NULL, NULL, NULL, NULL, NULL, NULL, NULL, NULL),
('02RKB022', NULL, NULL, NULL, NULL, NULL, NULL, NULL, NULL),
('02TGN110', NULL, NULL, NULL, NULL, NULL, NULL, NULL, NULL),
('02TGN187', NULL, NULL, NULL, NULL, NULL, NULL, NULL, NULL),
('03CBN310', NULL, NULL, NULL, NULL, NULL, NULL, NULL, NULL),
('02TGN012', NULL, NULL, NULL, NULL, NULL, NULL, NULL, NULL),
('02RKB013', NULL, NULL, NULL, NULL, NULL, NULL, NULL, NULL),
('01JKS319', NULL, NULL, NULL, NULL, NULL, NULL, NULL, NULL),
('02PDG008', NULL, NULL, NULL, NULL, NULL, NULL, NULL, NULL),
('03KRW172', NULL, NULL, NULL, NULL, NULL, NULL, NULL, NULL),
('02PDG012', NULL, NULL, NULL, NULL, NULL, NULL, NULL, NULL),
('02RKB072', NULL, NULL, NULL, NULL, NULL, NULL, NULL, NULL),
('02RKB109', NULL, NULL, NULL, NULL, NULL, NULL, NULL, NULL),
('02RKB131', NULL, NULL, NULL, NULL, NULL, NULL, NULL, NULL),
('02PDG076', NULL, NULL, NULL, NULL, NULL, NULL, NULL, NULL),
('02TGN107', NULL, NULL, NULL, NULL, NULL, NULL, NULL, NULL),
('01JKP677', NULL, NULL, NULL, NULL, NULL, NULL, NULL, NULL),
('01JKS203', NULL, NULL, NULL, NULL, NULL, NULL, NULL, NULL),
('01JKB039', NULL, NULL, NULL, NULL, NULL, NULL, NULL, NULL),
('02CLG001', NULL, NULL, NULL, NULL, NULL, NULL, NULL, NULL),
('03KRW024', NULL, NULL, NULL, NULL, NULL, NULL, NULL, NULL),
('02RKB001', NULL, NULL, NULL, NULL, NULL, NULL, NULL, NULL),
('01JKP468', NULL, NULL, NULL, NULL, NULL, NULL, NULL, NULL),
('02SRG002', NULL, NULL, NULL, NULL, NULL, NULL, NULL, NULL),
('01JKS153', NULL, NULL, NULL, NULL, NULL, NULL, NULL, NULL),
('01JKS225', NULL, NULL, NULL, NULL, NULL, NULL, NULL, NULL),
('01JKP206', NULL, NULL, NULL, NULL, NULL, NULL, NULL, NULL),
('03CBN002', NULL, NULL, NULL, NULL, NULL, NULL, NULL, NULL),
('03KRW003', NULL, NULL, NULL, NULL, NULL, NULL, NULL, NULL),
('02TGR017', NULL, NULL, NULL, NULL, NULL, NULL, NULL, NULL),
('01JKP233', NULL, NULL, NULL, NULL, NULL, NULL, NULL, NULL),
('02TGN040', NULL, NULL, NULL, NULL, NULL, NULL, NULL, NULL),
('02TGR035', NULL, NULL, NULL, NULL, NULL, NULL, NULL, NULL),
('01JKP237', NULL, NULL, NULL, NULL, NULL, NULL, NULL, NULL),
('03CKR010', NULL, NULL, NULL, NULL, NULL, NULL, NULL, NULL),
('02TGN053', NULL, NULL, NULL, NULL, NULL, NULL, NULL, NULL),
('03CBN006', NULL, NULL, NULL, NULL, NULL, NULL, NULL, NULL),
('01JKB118', NULL, NULL, NULL, NULL, NULL, NULL, NULL, NULL),
('03BKS080', NULL, NULL, NULL, NULL, NULL, NULL, NULL, NULL),
('02PDG025', NULL, NULL, NULL, NULL, NULL, NULL, NULL, NULL),
('03CBN116', NULL, NULL, NULL, NULL, NULL, NULL, NULL, NULL),
('03KRW100', NULL, NULL, NULL, NULL, NULL, NULL, NULL, NULL),
('03KRW019', NULL, NULL, NULL, NULL, NULL, NULL, NULL, NULL),
('02PDG006', NULL, NULL, NULL, NULL, NULL, NULL, NULL, NULL),
('03KRW029', NULL, NULL, NULL, NULL, NULL, NULL, NULL, NULL),
('02RKB033', NULL, NULL, NULL, NULL, NULL, NULL, NULL, NULL),
('02TGN080', NULL, NULL, NULL, NULL, NULL, NULL, NULL, NULL),
('01JKS011', NULL, NULL, NULL, NULL, NULL, NULL, NULL, NULL),
('02PDG002', NULL, NULL, NULL, NULL, NULL, NULL, NULL, NULL),
('03KRW025', NULL, NULL, NULL, NULL, NULL, NULL, NULL, NULL),
('02RKB101', NULL, NULL, NULL, NULL, NULL, NULL, NULL, NULL),
('02RKB007', NULL, NULL, NULL, NULL, NULL, NULL, NULL, NULL),
('03CBN241', NULL, NULL, NULL, NULL, NULL, NULL, NULL, NULL),
('01JKU163', NULL, NULL, NULL, NULL, NULL, NULL, NULL, NULL),
('03CBN066', NULL, NULL, NULL, NULL, NULL, NULL, NULL, NULL),
('02TGN033', NULL, NULL, NULL, NULL, NULL, NULL, NULL, NULL);

-- --------------------------------------------------------

--
-- Table structure for table `esr_quality_control`
--

CREATE TABLE IF NOT EXISTS `esr_quality_control` (
  `siteId` varchar(8) DEFAULT NULL,
  `esr_general_checkBy` varchar(10) DEFAULT NULL,
  `esr_general_checkDate` varchar(10) DEFAULT NULL,
  `electricalGrounding_checkedBy` varchar(10) DEFAULT NULL,
  `structuralSection_checked` varchar(10) DEFAULT NULL,
  `esrChecked_approve` varchar(10) DEFAULT NULL,
  `esrSubmitted_toTMG` varchar(10) DEFAULT NULL,
  `esr_revision_number` varchar(10) DEFAULT NULL,
  `comments` varchar(10) DEFAULT NULL
) ENGINE=MyISAM DEFAULT CHARSET=utf8;

--
-- Dumping data for table `esr_quality_control`
--

INSERT INTO `esr_quality_control` (`siteId`, `esr_general_checkBy`, `esr_general_checkDate`, `electricalGrounding_checkedBy`, `structuralSection_checked`, `esrChecked_approve`, `esrSubmitted_toTMG`, `esr_revision_number`, `comments`) VALUES
('02CLG003', NULL, NULL, NULL, NULL, NULL, NULL, NULL, NULL),
('02RKB073', NULL, NULL, NULL, NULL, NULL, NULL, NULL, NULL),
('02RKB005', NULL, NULL, NULL, NULL, NULL, NULL, NULL, NULL),
('01JKT078', NULL, NULL, NULL, NULL, NULL, NULL, NULL, NULL),
('02SRG038', NULL, NULL, NULL, NULL, NULL, NULL, NULL, NULL),
('01JKP177', NULL, NULL, NULL, NULL, NULL, NULL, NULL, NULL),
('01JKS179', NULL, NULL, NULL, NULL, NULL, NULL, NULL, NULL),
('03BGR095', NULL, NULL, NULL, NULL, NULL, NULL, NULL, NULL),
('03KRW014', NULL, NULL, NULL, NULL, NULL, NULL, NULL, NULL),
('02TGR002', NULL, NULL, NULL, NULL, NULL, NULL, NULL, NULL),
('01JKT085', NULL, NULL, NULL, NULL, NULL, NULL, NULL, NULL),
('01JKP666', NULL, NULL, NULL, NULL, NULL, NULL, NULL, NULL),
('02TGN082', NULL, NULL, NULL, NULL, NULL, NULL, NULL, NULL),
('02TGN099', NULL, NULL, NULL, NULL, NULL, NULL, NULL, NULL),
('01JKP832', NULL, NULL, NULL, NULL, NULL, NULL, NULL, NULL),
('02TGN043', NULL, NULL, NULL, NULL, NULL, NULL, NULL, NULL),
('01JKB367', NULL, NULL, NULL, NULL, NULL, NULL, NULL, NULL),
('01JKP044', NULL, NULL, NULL, NULL, NULL, NULL, NULL, NULL),
('03CBN068', NULL, NULL, NULL, NULL, NULL, NULL, NULL, NULL),
('03BKS218', NULL, NULL, NULL, NULL, NULL, NULL, NULL, NULL),
('02TGN010', NULL, NULL, NULL, NULL, NULL, NULL, NULL, NULL),
('01JKT100', NULL, NULL, NULL, NULL, NULL, NULL, NULL, NULL),
('03CBN094', NULL, NULL, NULL, NULL, NULL, NULL, NULL, NULL),
('02TGN241', NULL, NULL, NULL, NULL, NULL, NULL, NULL, NULL),
('02PDG007', NULL, NULL, NULL, NULL, NULL, NULL, NULL, NULL),
('03CBN189', NULL, NULL, NULL, NULL, NULL, NULL, NULL, NULL),
('03CBN061', NULL, NULL, NULL, NULL, NULL, NULL, NULL, NULL),
('03CJR141', NULL, NULL, NULL, NULL, NULL, NULL, NULL, NULL),
('03KRW143', NULL, NULL, NULL, NULL, NULL, NULL, NULL, NULL),
('03CKR172', NULL, NULL, NULL, NULL, NULL, NULL, NULL, NULL),
('02PDG043', NULL, NULL, NULL, NULL, NULL, NULL, NULL, NULL),
('03DPK009', NULL, NULL, NULL, NULL, NULL, NULL, NULL, NULL),
('03CKR042', NULL, NULL, NULL, NULL, NULL, NULL, NULL, NULL),
('02CLG004', NULL, NULL, NULL, NULL, NULL, NULL, NULL, NULL),
('02RKB108', NULL, NULL, NULL, NULL, NULL, NULL, NULL, NULL),
('02TGN032', NULL, NULL, NULL, NULL, NULL, NULL, NULL, NULL),
('03KRW059', NULL, NULL, NULL, NULL, NULL, NULL, NULL, NULL),
('02RKB133', NULL, NULL, NULL, NULL, NULL, NULL, NULL, NULL),
('02RKB022', NULL, NULL, NULL, NULL, NULL, NULL, NULL, NULL),
('02TGN110', NULL, NULL, NULL, NULL, NULL, NULL, NULL, NULL),
('02TGN187', NULL, NULL, NULL, NULL, NULL, NULL, NULL, NULL),
('03CBN310', NULL, NULL, NULL, NULL, NULL, NULL, NULL, NULL),
('02TGN012', NULL, NULL, NULL, NULL, NULL, NULL, NULL, NULL),
('02RKB013', NULL, NULL, NULL, NULL, NULL, NULL, NULL, NULL),
('01JKS319', NULL, NULL, NULL, NULL, NULL, NULL, NULL, NULL),
('02PDG008', NULL, NULL, NULL, NULL, NULL, NULL, NULL, NULL),
('03KRW172', NULL, NULL, NULL, NULL, NULL, NULL, NULL, NULL),
('02PDG012', NULL, NULL, NULL, NULL, NULL, NULL, NULL, NULL),
('02RKB072', NULL, NULL, NULL, NULL, NULL, NULL, NULL, NULL),
('02RKB109', NULL, NULL, NULL, NULL, NULL, NULL, NULL, NULL),
('02RKB131', NULL, NULL, NULL, NULL, NULL, NULL, NULL, NULL),
('02PDG076', NULL, NULL, NULL, NULL, NULL, NULL, NULL, NULL),
('02TGN107', NULL, NULL, NULL, NULL, NULL, NULL, NULL, NULL),
('01JKP677', NULL, NULL, NULL, NULL, NULL, NULL, NULL, NULL),
('01JKS203', NULL, NULL, NULL, NULL, NULL, NULL, NULL, NULL),
('01JKB039', NULL, NULL, NULL, NULL, NULL, NULL, NULL, NULL),
('02CLG001', NULL, NULL, NULL, NULL, NULL, NULL, NULL, NULL),
('03KRW024', NULL, NULL, NULL, NULL, NULL, NULL, NULL, NULL),
('02RKB001', NULL, NULL, NULL, NULL, NULL, NULL, NULL, NULL),
('01JKP468', NULL, NULL, NULL, NULL, NULL, NULL, NULL, NULL),
('02SRG002', NULL, NULL, NULL, NULL, NULL, NULL, NULL, NULL),
('01JKS153', NULL, NULL, NULL, NULL, NULL, NULL, NULL, NULL),
('01JKS225', NULL, NULL, NULL, NULL, NULL, NULL, NULL, NULL),
('01JKP206', NULL, NULL, NULL, NULL, NULL, NULL, NULL, NULL),
('03CBN002', NULL, NULL, NULL, NULL, NULL, NULL, NULL, NULL),
('03KRW003', NULL, NULL, NULL, NULL, NULL, NULL, NULL, NULL),
('02TGR017', NULL, NULL, NULL, NULL, NULL, NULL, NULL, NULL),
('01JKP233', NULL, NULL, NULL, NULL, NULL, NULL, NULL, NULL),
('02TGN040', NULL, NULL, NULL, NULL, NULL, NULL, NULL, NULL),
('02TGR035', NULL, NULL, NULL, NULL, NULL, NULL, NULL, NULL),
('01JKP237', NULL, NULL, NULL, NULL, NULL, NULL, NULL, NULL),
('03CKR010', NULL, NULL, NULL, NULL, NULL, NULL, NULL, NULL),
('02TGN053', NULL, NULL, NULL, NULL, NULL, NULL, NULL, NULL),
('03CBN006', NULL, NULL, NULL, NULL, NULL, NULL, NULL, NULL),
('01JKB118', NULL, NULL, NULL, NULL, NULL, NULL, NULL, NULL),
('03BKS080', NULL, NULL, NULL, NULL, NULL, NULL, NULL, NULL),
('02PDG025', NULL, NULL, NULL, NULL, NULL, NULL, NULL, NULL),
('03CBN116', NULL, NULL, NULL, NULL, NULL, NULL, NULL, NULL),
('03KRW100', NULL, NULL, NULL, NULL, NULL, NULL, NULL, NULL),
('03KRW019', NULL, NULL, NULL, NULL, NULL, NULL, NULL, NULL),
('02PDG006', NULL, NULL, NULL, NULL, NULL, NULL, NULL, NULL),
('03KRW029', NULL, NULL, NULL, NULL, NULL, NULL, NULL, NULL),
('02RKB033', NULL, NULL, NULL, NULL, NULL, NULL, NULL, NULL),
('02TGN080', NULL, NULL, NULL, NULL, NULL, NULL, NULL, NULL),
('01JKS011', NULL, NULL, NULL, NULL, NULL, NULL, NULL, NULL),
('02PDG002', NULL, NULL, NULL, NULL, NULL, NULL, NULL, NULL),
('03KRW025', NULL, NULL, NULL, NULL, NULL, NULL, NULL, NULL),
('02RKB101', NULL, NULL, NULL, NULL, NULL, NULL, NULL, NULL),
('02RKB007', NULL, NULL, NULL, NULL, NULL, NULL, NULL, NULL),
('03CBN241', NULL, NULL, NULL, NULL, NULL, NULL, NULL, NULL),
('01JKU163', NULL, NULL, NULL, NULL, NULL, NULL, NULL, NULL),
('03CBN066', NULL, NULL, NULL, NULL, NULL, NULL, NULL, NULL),
('02TGN033', NULL, NULL, NULL, NULL, NULL, NULL, NULL, NULL);

-- --------------------------------------------------------

--
-- Table structure for table `esr_report`
--

CREATE TABLE IF NOT EXISTS `esr_report` (
  `siteId` varchar(8) DEFAULT NULL,
  `coverPage` varchar(10) DEFAULT NULL,
  `siteInformation` varchar(10) DEFAULT NULL,
  `siteType` varchar(10) DEFAULT NULL,
  `maps` varchar(10) DEFAULT NULL,
  `cme_visualChecklist` varchar(10) DEFAULT NULL,
  `buildingSurounding` varchar(10) DEFAULT NULL,
  `equipmentRoom` varchar(10) DEFAULT NULL,
  `AC_distribution` varchar(10) DEFAULT NULL,
  `earthing_grounding` varchar(10) DEFAULT NULL,
  `antenna_mounting` varchar(10) DEFAULT NULL,
  `antenna` varchar(10) DEFAULT NULL,
  `photo` varchar(10) DEFAULT NULL,
  `checklist_photo` varchar(10) DEFAULT NULL,
  `esrDrawing` varchar(10) DEFAULT NULL,
  `esr_completed` varchar(10) DEFAULT NULL,
  `comments` varchar(10) DEFAULT NULL
) ENGINE=MyISAM DEFAULT CHARSET=utf8;

--
-- Dumping data for table `esr_report`
--

INSERT INTO `esr_report` (`siteId`, `coverPage`, `siteInformation`, `siteType`, `maps`, `cme_visualChecklist`, `buildingSurounding`, `equipmentRoom`, `AC_distribution`, `earthing_grounding`, `antenna_mounting`, `antenna`, `photo`, `checklist_photo`, `esrDrawing`, `esr_completed`, `comments`) VALUES
('02CLG003', NULL, NULL, NULL, NULL, NULL, NULL, NULL, NULL, NULL, NULL, NULL, NULL, NULL, NULL, NULL, NULL),
('02RKB073', NULL, NULL, NULL, NULL, NULL, NULL, NULL, NULL, NULL, NULL, NULL, NULL, NULL, NULL, NULL, NULL),
('02RKB005', NULL, NULL, NULL, NULL, NULL, NULL, NULL, NULL, NULL, NULL, NULL, NULL, NULL, NULL, NULL, NULL),
('01JKT078', NULL, NULL, NULL, NULL, NULL, NULL, NULL, NULL, NULL, NULL, NULL, NULL, NULL, NULL, NULL, NULL),
('02SRG038', NULL, NULL, NULL, NULL, NULL, NULL, NULL, NULL, NULL, NULL, NULL, NULL, NULL, NULL, NULL, NULL),
('01JKP177', NULL, NULL, NULL, NULL, NULL, NULL, NULL, NULL, NULL, NULL, NULL, NULL, NULL, NULL, NULL, NULL),
('01JKS179', NULL, NULL, NULL, NULL, NULL, NULL, NULL, NULL, NULL, NULL, NULL, NULL, NULL, NULL, NULL, NULL),
('03BGR095', NULL, NULL, NULL, NULL, NULL, NULL, NULL, NULL, NULL, NULL, NULL, NULL, NULL, NULL, NULL, NULL),
('03KRW014', NULL, NULL, NULL, NULL, NULL, NULL, NULL, NULL, NULL, NULL, NULL, NULL, NULL, NULL, NULL, NULL),
('02TGR002', NULL, NULL, NULL, NULL, NULL, NULL, NULL, NULL, NULL, NULL, NULL, NULL, NULL, NULL, NULL, NULL),
('01JKT085', NULL, NULL, NULL, NULL, NULL, NULL, NULL, NULL, NULL, NULL, NULL, NULL, NULL, NULL, NULL, NULL),
('01JKP666', NULL, NULL, NULL, NULL, NULL, NULL, NULL, NULL, NULL, NULL, NULL, NULL, NULL, NULL, NULL, NULL),
('02TGN082', NULL, NULL, NULL, NULL, NULL, NULL, NULL, NULL, NULL, NULL, NULL, NULL, NULL, NULL, NULL, NULL),
('02TGN099', NULL, NULL, NULL, NULL, NULL, NULL, NULL, NULL, NULL, NULL, NULL, NULL, NULL, NULL, NULL, NULL),
('01JKP832', NULL, NULL, NULL, NULL, NULL, NULL, NULL, NULL, NULL, NULL, NULL, NULL, NULL, NULL, NULL, NULL),
('02TGN043', NULL, NULL, NULL, NULL, NULL, NULL, NULL, NULL, NULL, NULL, NULL, NULL, NULL, NULL, NULL, NULL),
('01JKB367', NULL, NULL, NULL, NULL, NULL, NULL, NULL, NULL, NULL, NULL, NULL, NULL, NULL, NULL, NULL, NULL),
('01JKP044', NULL, NULL, NULL, NULL, NULL, NULL, NULL, NULL, NULL, NULL, NULL, NULL, NULL, NULL, NULL, NULL),
('03CBN068', NULL, NULL, NULL, NULL, NULL, NULL, NULL, NULL, NULL, NULL, NULL, NULL, NULL, NULL, NULL, NULL),
('03BKS218', NULL, NULL, NULL, NULL, NULL, NULL, NULL, NULL, NULL, NULL, NULL, NULL, NULL, NULL, NULL, NULL),
('02TGN010', NULL, NULL, NULL, NULL, NULL, NULL, NULL, NULL, NULL, NULL, NULL, NULL, NULL, NULL, NULL, NULL),
('01JKT100', NULL, NULL, NULL, NULL, NULL, NULL, NULL, NULL, NULL, NULL, NULL, NULL, NULL, NULL, NULL, NULL),
('03CBN094', NULL, NULL, NULL, NULL, NULL, NULL, NULL, NULL, NULL, NULL, NULL, NULL, NULL, NULL, NULL, NULL),
('02TGN241', NULL, NULL, NULL, NULL, NULL, NULL, NULL, NULL, NULL, NULL, NULL, NULL, NULL, NULL, NULL, NULL),
('02PDG007', NULL, NULL, NULL, NULL, NULL, NULL, NULL, NULL, NULL, NULL, NULL, NULL, NULL, NULL, NULL, NULL),
('03CBN189', NULL, NULL, NULL, NULL, NULL, NULL, NULL, NULL, NULL, NULL, NULL, NULL, NULL, NULL, NULL, NULL),
('03CBN061', NULL, NULL, NULL, NULL, NULL, NULL, NULL, NULL, NULL, NULL, NULL, NULL, NULL, NULL, NULL, NULL),
('03CJR141', NULL, NULL, NULL, NULL, NULL, NULL, NULL, NULL, NULL, NULL, NULL, NULL, NULL, NULL, NULL, NULL),
('03KRW143', NULL, NULL, NULL, NULL, NULL, NULL, NULL, NULL, NULL, NULL, NULL, NULL, NULL, NULL, NULL, NULL),
('03CKR172', NULL, NULL, NULL, NULL, NULL, NULL, NULL, NULL, NULL, NULL, NULL, NULL, NULL, NULL, NULL, NULL),
('02PDG043', NULL, NULL, NULL, NULL, NULL, NULL, NULL, NULL, NULL, NULL, NULL, NULL, NULL, NULL, NULL, NULL),
('03DPK009', NULL, NULL, NULL, NULL, NULL, NULL, NULL, NULL, NULL, NULL, NULL, NULL, NULL, NULL, NULL, NULL),
('03CKR042', NULL, NULL, NULL, NULL, NULL, NULL, NULL, NULL, NULL, NULL, NULL, NULL, NULL, NULL, NULL, NULL),
('02CLG004', NULL, NULL, NULL, NULL, NULL, NULL, NULL, NULL, NULL, NULL, NULL, NULL, NULL, NULL, NULL, NULL),
('02RKB108', NULL, NULL, NULL, NULL, NULL, NULL, NULL, NULL, NULL, NULL, NULL, NULL, NULL, NULL, NULL, NULL),
('02TGN032', NULL, NULL, NULL, NULL, NULL, NULL, NULL, NULL, NULL, NULL, NULL, NULL, NULL, NULL, NULL, NULL),
('03KRW059', NULL, NULL, NULL, NULL, NULL, NULL, NULL, NULL, NULL, NULL, NULL, NULL, NULL, NULL, NULL, NULL),
('02RKB133', NULL, NULL, NULL, NULL, NULL, NULL, NULL, NULL, NULL, NULL, NULL, NULL, NULL, NULL, NULL, NULL),
('02RKB022', NULL, NULL, NULL, NULL, NULL, NULL, NULL, NULL, NULL, NULL, NULL, NULL, NULL, NULL, NULL, NULL),
('02TGN110', NULL, NULL, NULL, NULL, NULL, NULL, NULL, NULL, NULL, NULL, NULL, NULL, NULL, NULL, NULL, NULL),
('02TGN187', NULL, NULL, NULL, NULL, NULL, NULL, NULL, NULL, NULL, NULL, NULL, NULL, NULL, NULL, NULL, NULL),
('03CBN310', NULL, NULL, NULL, NULL, NULL, NULL, NULL, NULL, NULL, NULL, NULL, NULL, NULL, NULL, NULL, NULL),
('02TGN012', NULL, NULL, NULL, NULL, NULL, NULL, NULL, NULL, NULL, NULL, NULL, NULL, NULL, NULL, NULL, NULL),
('02RKB013', NULL, NULL, NULL, NULL, NULL, NULL, NULL, NULL, NULL, NULL, NULL, NULL, NULL, NULL, NULL, NULL),
('01JKS319', NULL, NULL, NULL, NULL, NULL, NULL, NULL, NULL, NULL, NULL, NULL, NULL, NULL, NULL, NULL, NULL),
('02PDG008', NULL, NULL, NULL, NULL, NULL, NULL, NULL, NULL, NULL, NULL, NULL, NULL, NULL, NULL, NULL, NULL),
('03KRW172', NULL, NULL, NULL, NULL, NULL, NULL, NULL, NULL, NULL, NULL, NULL, NULL, NULL, NULL, NULL, NULL),
('02PDG012', NULL, NULL, NULL, NULL, NULL, NULL, NULL, NULL, NULL, NULL, NULL, NULL, NULL, NULL, NULL, NULL),
('02RKB072', NULL, NULL, NULL, NULL, NULL, NULL, NULL, NULL, NULL, NULL, NULL, NULL, NULL, NULL, NULL, NULL),
('02RKB109', NULL, NULL, NULL, NULL, NULL, NULL, NULL, NULL, NULL, NULL, NULL, NULL, NULL, NULL, NULL, NULL),
('02RKB131', NULL, NULL, NULL, NULL, NULL, NULL, NULL, NULL, NULL, NULL, NULL, NULL, NULL, NULL, NULL, NULL),
('02PDG076', NULL, NULL, NULL, NULL, NULL, NULL, NULL, NULL, NULL, NULL, NULL, NULL, NULL, NULL, NULL, NULL),
('02TGN107', NULL, NULL, NULL, NULL, NULL, NULL, NULL, NULL, NULL, NULL, NULL, NULL, NULL, NULL, NULL, NULL),
('01JKP677', NULL, NULL, NULL, NULL, NULL, NULL, NULL, NULL, NULL, NULL, NULL, NULL, NULL, NULL, NULL, NULL),
('01JKS203', NULL, NULL, NULL, NULL, NULL, NULL, NULL, NULL, NULL, NULL, NULL, NULL, NULL, NULL, NULL, NULL),
('01JKB039', NULL, NULL, NULL, NULL, NULL, NULL, NULL, NULL, NULL, NULL, NULL, NULL, NULL, NULL, NULL, NULL),
('02CLG001', NULL, NULL, NULL, NULL, NULL, NULL, NULL, NULL, NULL, NULL, NULL, NULL, NULL, NULL, NULL, NULL),
('03KRW024', NULL, NULL, NULL, NULL, NULL, NULL, NULL, NULL, NULL, NULL, NULL, NULL, NULL, NULL, NULL, NULL),
('02RKB001', NULL, NULL, NULL, NULL, NULL, NULL, NULL, NULL, NULL, NULL, NULL, NULL, NULL, NULL, NULL, NULL),
('01JKP468', NULL, NULL, NULL, NULL, NULL, NULL, NULL, NULL, NULL, NULL, NULL, NULL, NULL, NULL, NULL, NULL),
('02SRG002', NULL, NULL, NULL, NULL, NULL, NULL, NULL, NULL, NULL, NULL, NULL, NULL, NULL, NULL, NULL, NULL),
('01JKS153', NULL, NULL, NULL, NULL, NULL, NULL, NULL, NULL, NULL, NULL, NULL, NULL, NULL, NULL, NULL, NULL),
('01JKS225', NULL, NULL, NULL, NULL, NULL, NULL, NULL, NULL, NULL, NULL, NULL, NULL, NULL, NULL, NULL, NULL),
('01JKP206', NULL, NULL, NULL, NULL, NULL, NULL, NULL, NULL, NULL, NULL, NULL, NULL, NULL, NULL, NULL, NULL),
('03CBN002', NULL, NULL, NULL, NULL, NULL, NULL, NULL, NULL, NULL, NULL, NULL, NULL, NULL, NULL, NULL, NULL),
('03KRW003', NULL, NULL, NULL, NULL, NULL, NULL, NULL, NULL, NULL, NULL, NULL, NULL, NULL, NULL, NULL, NULL),
('02TGR017', NULL, NULL, NULL, NULL, NULL, NULL, NULL, NULL, NULL, NULL, NULL, NULL, NULL, NULL, NULL, NULL),
('01JKP233', NULL, NULL, NULL, NULL, NULL, NULL, NULL, NULL, NULL, NULL, NULL, NULL, NULL, NULL, NULL, NULL),
('02TGN040', NULL, NULL, NULL, NULL, NULL, NULL, NULL, NULL, NULL, NULL, NULL, NULL, NULL, NULL, NULL, NULL),
('02TGR035', NULL, NULL, NULL, NULL, NULL, NULL, NULL, NULL, NULL, NULL, NULL, NULL, NULL, NULL, NULL, NULL),
('01JKP237', NULL, NULL, NULL, NULL, NULL, NULL, NULL, NULL, NULL, NULL, NULL, NULL, NULL, NULL, NULL, NULL),
('03CKR010', NULL, NULL, NULL, NULL, NULL, NULL, NULL, NULL, NULL, NULL, NULL, NULL, NULL, NULL, NULL, NULL),
('02TGN053', NULL, NULL, NULL, NULL, NULL, NULL, NULL, NULL, NULL, NULL, NULL, NULL, NULL, NULL, NULL, NULL),
('03CBN006', NULL, NULL, NULL, NULL, NULL, NULL, NULL, NULL, NULL, NULL, NULL, NULL, NULL, NULL, NULL, NULL),
('01JKB118', NULL, NULL, NULL, NULL, NULL, NULL, NULL, NULL, NULL, NULL, NULL, NULL, NULL, NULL, NULL, NULL),
('03BKS080', NULL, NULL, NULL, NULL, NULL, NULL, NULL, NULL, NULL, NULL, NULL, NULL, NULL, NULL, NULL, NULL),
('02PDG025', NULL, NULL, NULL, NULL, NULL, NULL, NULL, NULL, NULL, NULL, NULL, NULL, NULL, NULL, NULL, NULL),
('03CBN116', NULL, NULL, NULL, NULL, NULL, NULL, NULL, NULL, NULL, NULL, NULL, NULL, NULL, NULL, NULL, NULL),
('03KRW100', NULL, NULL, NULL, NULL, NULL, NULL, NULL, NULL, NULL, NULL, NULL, NULL, NULL, NULL, NULL, NULL),
('03KRW019', NULL, NULL, NULL, NULL, NULL, NULL, NULL, NULL, NULL, NULL, NULL, NULL, NULL, NULL, NULL, NULL),
('02PDG006', NULL, NULL, NULL, NULL, NULL, NULL, NULL, NULL, NULL, NULL, NULL, NULL, NULL, NULL, NULL, NULL),
('03KRW029', NULL, NULL, NULL, NULL, NULL, NULL, NULL, NULL, NULL, NULL, NULL, NULL, NULL, NULL, NULL, NULL),
('02RKB033', NULL, NULL, NULL, NULL, NULL, NULL, NULL, NULL, NULL, NULL, NULL, NULL, NULL, NULL, NULL, NULL),
('02TGN080', NULL, NULL, NULL, NULL, NULL, NULL, NULL, NULL, NULL, NULL, NULL, NULL, NULL, NULL, NULL, NULL),
('01JKS011', NULL, NULL, NULL, NULL, NULL, NULL, NULL, NULL, NULL, NULL, NULL, NULL, NULL, NULL, NULL, NULL),
('02PDG002', NULL, NULL, NULL, NULL, NULL, NULL, NULL, NULL, NULL, NULL, NULL, NULL, NULL, NULL, NULL, NULL),
('03KRW025', NULL, NULL, NULL, NULL, NULL, NULL, NULL, NULL, NULL, NULL, NULL, NULL, NULL, NULL, NULL, NULL),
('02RKB101', NULL, NULL, NULL, NULL, NULL, NULL, NULL, NULL, NULL, NULL, NULL, NULL, NULL, NULL, NULL, NULL),
('02RKB007', NULL, NULL, NULL, NULL, NULL, NULL, NULL, NULL, NULL, NULL, NULL, NULL, NULL, NULL, NULL, NULL),
('03CBN241', NULL, NULL, NULL, NULL, NULL, NULL, NULL, NULL, NULL, NULL, NULL, NULL, NULL, NULL, NULL, NULL),
('01JKU163', NULL, NULL, NULL, NULL, NULL, NULL, NULL, NULL, NULL, NULL, NULL, NULL, NULL, NULL, NULL, NULL),
('03CBN066', NULL, NULL, NULL, NULL, NULL, NULL, NULL, NULL, NULL, NULL, NULL, NULL, NULL, NULL, NULL, NULL),
('02TGN033', NULL, NULL, NULL, NULL, NULL, NULL, NULL, NULL, NULL, NULL, NULL, NULL, NULL, NULL, NULL, NULL);

-- --------------------------------------------------------

--
-- Table structure for table `grounding_cme_rectification`
--

CREATE TABLE IF NOT EXISTS `grounding_cme_rectification` (
  `siteId` varchar(8) DEFAULT NULL,
  `groundingDesigner` varchar(10) DEFAULT NULL,
  `groundingRec_require` varchar(10) DEFAULT NULL,
  `PLN_upgrade_recquire` varchar(10) DEFAULT NULL,
  `grounding_BOQ_recquire` varchar(10) DEFAULT NULL,
  `cme_BOQ_recquire` varchar(10) DEFAULT NULL,
  `checked_and_approved` varchar(10) DEFAULT NULL,
  `groundingDesign_completed` varchar(10) DEFAULT NULL,
  `groundingDesign_submitted_to_TMG` varchar(10) DEFAULT NULL,
  `grounding_revision_no` varchar(10) DEFAULT NULL,
  `proposedGrounding_design` varchar(10) DEFAULT NULL,
  `comments` varchar(10) DEFAULT NULL
) ENGINE=MyISAM DEFAULT CHARSET=utf8;

--
-- Dumping data for table `grounding_cme_rectification`
--

INSERT INTO `grounding_cme_rectification` (`siteId`, `groundingDesigner`, `groundingRec_require`, `PLN_upgrade_recquire`, `grounding_BOQ_recquire`, `cme_BOQ_recquire`, `checked_and_approved`, `groundingDesign_completed`, `groundingDesign_submitted_to_TMG`, `grounding_revision_no`, `proposedGrounding_design`, `comments`) VALUES
('02CLG003', NULL, NULL, NULL, NULL, NULL, NULL, NULL, NULL, NULL, NULL, NULL),
('02RKB073', NULL, NULL, NULL, NULL, NULL, NULL, NULL, NULL, NULL, NULL, NULL),
('02RKB005', NULL, NULL, NULL, NULL, NULL, NULL, NULL, NULL, NULL, NULL, NULL),
('01JKT078', NULL, NULL, NULL, NULL, NULL, NULL, NULL, NULL, NULL, NULL, NULL),
('02SRG038', NULL, NULL, NULL, NULL, NULL, NULL, NULL, NULL, NULL, NULL, NULL),
('01JKP177', NULL, NULL, NULL, NULL, NULL, NULL, NULL, NULL, NULL, NULL, NULL),
('01JKS179', NULL, NULL, NULL, NULL, NULL, NULL, NULL, NULL, NULL, NULL, NULL),
('03BGR095', NULL, NULL, NULL, NULL, NULL, NULL, NULL, NULL, NULL, NULL, NULL),
('03KRW014', NULL, NULL, NULL, NULL, NULL, NULL, NULL, NULL, NULL, NULL, NULL),
('02TGR002', NULL, NULL, NULL, NULL, NULL, NULL, NULL, NULL, NULL, NULL, NULL),
('01JKT085', NULL, NULL, NULL, NULL, NULL, NULL, NULL, NULL, NULL, NULL, NULL),
('01JKP666', NULL, NULL, NULL, NULL, NULL, NULL, NULL, NULL, NULL, NULL, NULL),
('02TGN082', NULL, NULL, NULL, NULL, NULL, NULL, NULL, NULL, NULL, NULL, NULL),
('02TGN099', NULL, NULL, NULL, NULL, NULL, NULL, NULL, NULL, NULL, NULL, NULL),
('01JKP832', NULL, NULL, NULL, NULL, NULL, NULL, NULL, NULL, NULL, NULL, NULL),
('02TGN043', NULL, NULL, NULL, NULL, NULL, NULL, NULL, NULL, NULL, NULL, NULL),
('01JKB367', NULL, NULL, NULL, NULL, NULL, NULL, NULL, NULL, NULL, NULL, NULL),
('01JKP044', NULL, NULL, NULL, NULL, NULL, NULL, NULL, NULL, NULL, NULL, NULL),
('03CBN068', NULL, NULL, NULL, NULL, NULL, NULL, NULL, NULL, NULL, NULL, NULL),
('03BKS218', NULL, NULL, NULL, NULL, NULL, NULL, NULL, NULL, NULL, NULL, NULL),
('02TGN010', NULL, NULL, NULL, NULL, NULL, NULL, NULL, NULL, NULL, NULL, NULL),
('01JKT100', NULL, NULL, NULL, NULL, NULL, NULL, NULL, NULL, NULL, NULL, NULL),
('03CBN094', NULL, NULL, NULL, NULL, NULL, NULL, NULL, NULL, NULL, NULL, NULL),
('02TGN241', NULL, NULL, NULL, NULL, NULL, NULL, NULL, NULL, NULL, NULL, NULL),
('02PDG007', NULL, NULL, NULL, NULL, NULL, NULL, NULL, NULL, NULL, NULL, NULL),
('03CBN189', NULL, NULL, NULL, NULL, NULL, NULL, NULL, NULL, NULL, NULL, NULL),
('03CBN061', NULL, NULL, NULL, NULL, NULL, NULL, NULL, NULL, NULL, NULL, NULL),
('03CJR141', NULL, NULL, NULL, NULL, NULL, NULL, NULL, NULL, NULL, NULL, NULL),
('03KRW143', NULL, NULL, NULL, NULL, NULL, NULL, NULL, NULL, NULL, NULL, NULL),
('03CKR172', NULL, NULL, NULL, NULL, NULL, NULL, NULL, NULL, NULL, NULL, NULL),
('02PDG043', NULL, NULL, NULL, NULL, NULL, NULL, NULL, NULL, NULL, NULL, NULL),
('03DPK009', NULL, NULL, NULL, NULL, NULL, NULL, NULL, NULL, NULL, NULL, NULL),
('03CKR042', NULL, NULL, NULL, NULL, NULL, NULL, NULL, NULL, NULL, NULL, NULL),
('02CLG004', NULL, NULL, NULL, NULL, NULL, NULL, NULL, NULL, NULL, NULL, NULL),
('02RKB108', NULL, NULL, NULL, NULL, NULL, NULL, NULL, NULL, NULL, NULL, NULL),
('02TGN032', NULL, NULL, NULL, NULL, NULL, NULL, NULL, NULL, NULL, NULL, NULL),
('03KRW059', NULL, NULL, NULL, NULL, NULL, NULL, NULL, NULL, NULL, NULL, NULL),
('02RKB133', NULL, NULL, NULL, NULL, NULL, NULL, NULL, NULL, NULL, NULL, NULL),
('02RKB022', NULL, NULL, NULL, NULL, NULL, NULL, NULL, NULL, NULL, NULL, NULL),
('02TGN110', NULL, NULL, NULL, NULL, NULL, NULL, NULL, NULL, NULL, NULL, NULL),
('02TGN187', NULL, NULL, NULL, NULL, NULL, NULL, NULL, NULL, NULL, NULL, NULL),
('03CBN310', NULL, NULL, NULL, NULL, NULL, NULL, NULL, NULL, NULL, NULL, NULL),
('02TGN012', NULL, NULL, NULL, NULL, NULL, NULL, NULL, NULL, NULL, NULL, NULL),
('02RKB013', NULL, NULL, NULL, NULL, NULL, NULL, NULL, NULL, NULL, NULL, NULL),
('01JKS319', NULL, NULL, NULL, NULL, NULL, NULL, NULL, NULL, NULL, NULL, NULL),
('02PDG008', NULL, NULL, NULL, NULL, NULL, NULL, NULL, NULL, NULL, NULL, NULL),
('03KRW172', NULL, NULL, NULL, NULL, NULL, NULL, NULL, NULL, NULL, NULL, NULL),
('02PDG012', NULL, NULL, NULL, NULL, NULL, NULL, NULL, NULL, NULL, NULL, NULL),
('02RKB072', NULL, NULL, NULL, NULL, NULL, NULL, NULL, NULL, NULL, NULL, NULL),
('02RKB109', NULL, NULL, NULL, NULL, NULL, NULL, NULL, NULL, NULL, NULL, NULL),
('02RKB131', NULL, NULL, NULL, NULL, NULL, NULL, NULL, NULL, NULL, NULL, NULL),
('02PDG076', NULL, NULL, NULL, NULL, NULL, NULL, NULL, NULL, NULL, NULL, NULL),
('02TGN107', NULL, NULL, NULL, NULL, NULL, NULL, NULL, NULL, NULL, NULL, NULL),
('01JKP677', NULL, NULL, NULL, NULL, NULL, NULL, NULL, NULL, NULL, NULL, NULL),
('01JKS203', NULL, NULL, NULL, NULL, NULL, NULL, NULL, NULL, NULL, NULL, NULL),
('01JKB039', NULL, NULL, NULL, NULL, NULL, NULL, NULL, NULL, NULL, NULL, NULL),
('02CLG001', NULL, NULL, NULL, NULL, NULL, NULL, NULL, NULL, NULL, NULL, NULL),
('03KRW024', NULL, NULL, NULL, NULL, NULL, NULL, NULL, NULL, NULL, NULL, NULL),
('02RKB001', NULL, NULL, NULL, NULL, NULL, NULL, NULL, NULL, NULL, NULL, NULL),
('01JKP468', NULL, NULL, NULL, NULL, NULL, NULL, NULL, NULL, NULL, NULL, NULL),
('02SRG002', NULL, NULL, NULL, NULL, NULL, NULL, NULL, NULL, NULL, NULL, NULL),
('01JKS153', NULL, NULL, NULL, NULL, NULL, NULL, NULL, NULL, NULL, NULL, NULL),
('01JKS225', NULL, NULL, NULL, NULL, NULL, NULL, NULL, NULL, NULL, NULL, NULL),
('01JKP206', NULL, NULL, NULL, NULL, NULL, NULL, NULL, NULL, NULL, NULL, NULL),
('03CBN002', NULL, NULL, NULL, NULL, NULL, NULL, NULL, NULL, NULL, NULL, NULL),
('03KRW003', NULL, NULL, NULL, NULL, NULL, NULL, NULL, NULL, NULL, NULL, NULL),
('02TGR017', NULL, NULL, NULL, NULL, NULL, NULL, NULL, NULL, NULL, NULL, NULL),
('01JKP233', NULL, NULL, NULL, NULL, NULL, NULL, NULL, NULL, NULL, NULL, NULL),
('02TGN040', NULL, NULL, NULL, NULL, NULL, NULL, NULL, NULL, NULL, NULL, NULL),
('02TGR035', NULL, NULL, NULL, NULL, NULL, NULL, NULL, NULL, NULL, NULL, NULL),
('01JKP237', NULL, NULL, NULL, NULL, NULL, NULL, NULL, NULL, NULL, NULL, NULL),
('03CKR010', NULL, NULL, NULL, NULL, NULL, NULL, NULL, NULL, NULL, NULL, NULL),
('02TGN053', NULL, NULL, NULL, NULL, NULL, NULL, NULL, NULL, NULL, NULL, NULL),
('03CBN006', NULL, NULL, NULL, NULL, NULL, NULL, NULL, NULL, NULL, NULL, NULL),
('01JKB118', NULL, NULL, NULL, NULL, NULL, NULL, NULL, NULL, NULL, NULL, NULL),
('03BKS080', NULL, NULL, NULL, NULL, NULL, NULL, NULL, NULL, NULL, NULL, NULL),
('02PDG025', NULL, NULL, NULL, NULL, NULL, NULL, NULL, NULL, NULL, NULL, NULL),
('03CBN116', NULL, NULL, NULL, NULL, NULL, NULL, NULL, NULL, NULL, NULL, NULL),
('03KRW100', NULL, NULL, NULL, NULL, NULL, NULL, NULL, NULL, NULL, NULL, NULL),
('03KRW019', NULL, NULL, NULL, NULL, NULL, NULL, NULL, NULL, NULL, NULL, NULL),
('02PDG006', NULL, NULL, NULL, NULL, NULL, NULL, NULL, NULL, NULL, NULL, NULL),
('03KRW029', NULL, NULL, NULL, NULL, NULL, NULL, NULL, NULL, NULL, NULL, NULL),
('02RKB033', NULL, NULL, NULL, NULL, NULL, NULL, NULL, NULL, NULL, NULL, NULL),
('02TGN080', NULL, NULL, NULL, NULL, NULL, NULL, NULL, NULL, NULL, NULL, NULL),
('01JKS011', NULL, NULL, NULL, NULL, NULL, NULL, NULL, NULL, NULL, NULL, NULL),
('02PDG002', NULL, NULL, NULL, NULL, NULL, NULL, NULL, NULL, NULL, NULL, NULL),
('03KRW025', NULL, NULL, NULL, NULL, NULL, NULL, NULL, NULL, NULL, NULL, NULL),
('02RKB101', NULL, NULL, NULL, NULL, NULL, NULL, NULL, NULL, NULL, NULL, NULL),
('02RKB007', NULL, NULL, NULL, NULL, NULL, NULL, NULL, NULL, NULL, NULL, NULL),
('03CBN241', NULL, NULL, NULL, NULL, NULL, NULL, NULL, NULL, NULL, NULL, NULL),
('01JKU163', NULL, NULL, NULL, NULL, NULL, NULL, NULL, NULL, NULL, NULL, NULL),
('03CBN066', NULL, NULL, NULL, NULL, NULL, NULL, NULL, NULL, NULL, NULL, NULL),
('02TGN033', NULL, NULL, NULL, NULL, NULL, NULL, NULL, NULL, NULL, NULL, NULL);

-- --------------------------------------------------------

--
-- Table structure for table `grounding_survey_data`
--

CREATE TABLE IF NOT EXISTS `grounding_survey_data` (
  `siteId` varchar(8) DEFAULT NULL,
  `photos` varchar(10) DEFAULT NULL,
  `surveyData_complete` varchar(10) DEFAULT NULL
) ENGINE=MyISAM DEFAULT CHARSET=utf8;

--
-- Dumping data for table `grounding_survey_data`
--

INSERT INTO `grounding_survey_data` (`siteId`, `photos`, `surveyData_complete`) VALUES
('02CLG003', NULL, NULL),
('02RKB073', NULL, NULL),
('02RKB005', NULL, NULL),
('01JKT078', NULL, NULL),
('02SRG038', NULL, NULL),
('01JKP177', NULL, NULL),
('01JKS179', NULL, NULL),
('03BGR095', NULL, NULL),
('03KRW014', NULL, NULL),
('02TGR002', NULL, NULL),
('01JKT085', NULL, NULL),
('01JKP666', NULL, NULL),
('02TGN082', NULL, NULL),
('02TGN099', NULL, NULL),
('01JKP832', NULL, NULL),
('02TGN043', NULL, NULL),
('01JKB367', NULL, NULL),
('01JKP044', NULL, NULL),
('03CBN068', NULL, NULL),
('03BKS218', NULL, NULL),
('02TGN010', NULL, NULL),
('01JKT100', NULL, NULL),
('03CBN094', NULL, NULL),
('02TGN241', NULL, NULL),
('02PDG007', NULL, NULL),
('03CBN189', NULL, NULL),
('03CBN061', NULL, NULL),
('03CJR141', NULL, NULL),
('03KRW143', NULL, NULL),
('03CKR172', NULL, NULL),
('02PDG043', NULL, NULL),
('03DPK009', NULL, NULL),
('03CKR042', NULL, NULL),
('02CLG004', NULL, NULL),
('02RKB108', NULL, NULL),
('02TGN032', NULL, NULL),
('03KRW059', NULL, NULL),
('02RKB133', NULL, NULL),
('02RKB022', NULL, NULL),
('02TGN110', NULL, NULL),
('02TGN187', NULL, NULL),
('03CBN310', NULL, NULL),
('02TGN012', NULL, NULL),
('02RKB013', NULL, NULL),
('01JKS319', NULL, NULL),
('02PDG008', NULL, NULL),
('03KRW172', NULL, NULL),
('02PDG012', NULL, NULL),
('02RKB072', NULL, NULL),
('02RKB109', NULL, NULL),
('02RKB131', NULL, NULL),
('02PDG076', NULL, NULL),
('02TGN107', NULL, NULL),
('01JKP677', NULL, NULL),
('01JKS203', NULL, NULL),
('01JKB039', NULL, NULL),
('02CLG001', NULL, NULL),
('03KRW024', NULL, NULL),
('02RKB001', NULL, NULL),
('01JKP468', NULL, NULL),
('02SRG002', NULL, NULL),
('01JKS153', NULL, NULL),
('01JKS225', NULL, NULL),
('01JKP206', NULL, NULL),
('03CBN002', NULL, NULL),
('03KRW003', NULL, NULL),
('02TGR017', NULL, NULL),
('01JKP233', NULL, NULL),
('02TGN040', NULL, NULL),
('02TGR035', NULL, NULL),
('01JKP237', NULL, NULL),
('03CKR010', NULL, NULL),
('02TGN053', NULL, NULL),
('03CBN006', NULL, NULL),
('01JKB118', NULL, NULL),
('03BKS080', NULL, NULL),
('02PDG025', NULL, NULL),
('03CBN116', NULL, NULL),
('03KRW100', NULL, NULL),
('03KRW019', NULL, NULL),
('02PDG006', NULL, NULL),
('03KRW029', NULL, NULL),
('02RKB033', NULL, NULL),
('02TGN080', NULL, NULL),
('01JKS011', NULL, NULL),
('02PDG002', NULL, NULL),
('03KRW025', NULL, NULL),
('02RKB101', NULL, NULL),
('02RKB007', NULL, NULL),
('03CBN241', NULL, NULL),
('01JKU163', NULL, NULL),
('03CBN066', NULL, NULL),
('02TGN033', NULL, NULL);

-- --------------------------------------------------------

--
-- Table structure for table `pengguna`
--

CREATE TABLE IF NOT EXISTS `pengguna` (
  `id` int(11) NOT NULL AUTO_INCREMENT,
  `name` varchar(50) NOT NULL,
  `username` varchar(15) NOT NULL,
  `password` varchar(15) NOT NULL,
  `administrator` int(11) NOT NULL DEFAULT '0',
  PRIMARY KEY (`id`)
) ENGINE=MyISAM  DEFAULT CHARSET=latin1 AUTO_INCREMENT=42 ;

--
-- Dumping data for table `pengguna`
--

INSERT INTO `pengguna` (`id`, `name`, `username`, `password`, `administrator`) VALUES
(1, 'administrator', 'admin', '791355', 1),
(2, 'kingking firdaus', 'firdausk', '791355', 1),
(3, 'John E Shazell', 'john', 'ironbrain123', 1),
(20, 'pramudya', 'pram', 'cascadiant7913', 0),
(19, 'leblanc', 'leblanc', 'leblanc791355', 0),
(18, 'indosat', 'indosat', 'indosat791355', 0),
(17, 'martin', 'martin', 'tconsult791355', 0),
(16, 'timaudit', 'timaudit', 'tconsult', 0),
(15, 'user', 'user1', 'tconsult123456', 0),
(21, 'mason', 'mason', 'mason791355', 0),
(22, 'tin', 'tin', 'tin791355', 0),
(23, 'bca', 'bca', 'bca791355', 0),
(24, 'greg sanger', 'greg', 'greg791355', 0),
(25, 'gayan', 'gayan', 'gayan791355', 0),
(26, 'kyle', 'kyle', 'kyle791355', 0),
(27, 'faza', 'faza', 'faza791355', 0),
(28, 'katherine', 'katherine', 'katherine791355', 0),
(29, 'subra', 'subra', 'subra791355', 0),
(30, 'nor', 'nor', 'nor791355', 0),
(31, 'azman', 'azman', 'azman791355', 0),
(32, 'abi', 'abi', 'abi791355', 0),
(33, 'tn_haji', 'tn_haji', 'tn_haji791355', 0),
(34, 'amir', 'amir', 'amir791355', 0),
(35, 'james', 'james', 'james791355', 0),
(36, 'kyle', 'kyle', 'kyle791355', 0),
(37, 'abi', 'abi', 'abi791355', 0),
(38, 'James Maclaurin', 'james', 'james791355', 0),
(39, 'Chris Tiffin', 'chris', 'chris791355', 0),
(40, 'Denny', 'denny', 'denny791355', 0),
(41, 'Julian', 'julian', 'julian791355', 0);

-- --------------------------------------------------------

--
-- Table structure for table `sibp`
--

CREATE TABLE IF NOT EXISTS `sibp` (
  `siteId` varchar(8) DEFAULT NULL,
  `design_sent_for_SIBP` varchar(10) DEFAULT NULL,
  `SIBP_received` varchar(10) DEFAULT NULL,
  `comments` varchar(10) DEFAULT NULL
) ENGINE=MyISAM DEFAULT CHARSET=utf8;

--
-- Dumping data for table `sibp`
--

INSERT INTO `sibp` (`siteId`, `design_sent_for_SIBP`, `SIBP_received`, `comments`) VALUES
('02CLG003', NULL, NULL, NULL),
('02RKB073', NULL, NULL, NULL),
('02RKB005', NULL, NULL, NULL),
('01JKT078', NULL, NULL, NULL),
('02SRG038', NULL, NULL, NULL),
('01JKP177', NULL, NULL, NULL),
('01JKS179', NULL, NULL, NULL),
('03BGR095', NULL, NULL, NULL),
('03KRW014', NULL, NULL, NULL),
('02TGR002', NULL, NULL, NULL),
('01JKT085', NULL, NULL, NULL),
('01JKP666', NULL, NULL, NULL),
('02TGN082', NULL, NULL, NULL),
('02TGN099', NULL, NULL, NULL),
('01JKP832', NULL, NULL, NULL),
('02TGN043', NULL, NULL, NULL),
('01JKB367', NULL, NULL, NULL),
('01JKP044', NULL, NULL, NULL),
('03CBN068', NULL, NULL, NULL),
('03BKS218', NULL, NULL, NULL),
('02TGN010', NULL, NULL, NULL),
('01JKT100', NULL, NULL, NULL),
('03CBN094', NULL, NULL, NULL),
('02TGN241', NULL, NULL, NULL),
('02PDG007', NULL, NULL, NULL),
('03CBN189', NULL, NULL, NULL),
('03CBN061', NULL, NULL, NULL),
('03CJR141', NULL, NULL, NULL),
('03KRW143', NULL, NULL, NULL),
('03CKR172', NULL, NULL, NULL),
('02PDG043', NULL, NULL, NULL),
('03DPK009', NULL, NULL, NULL),
('03CKR042', NULL, NULL, NULL),
('02CLG004', NULL, NULL, NULL),
('02RKB108', NULL, NULL, NULL),
('02TGN032', NULL, NULL, NULL),
('03KRW059', NULL, NULL, NULL),
('02RKB133', NULL, NULL, NULL),
('02RKB022', NULL, NULL, NULL),
('02TGN110', NULL, NULL, NULL),
('02TGN187', NULL, NULL, NULL),
('03CBN310', NULL, NULL, NULL),
('02TGN012', NULL, NULL, NULL),
('02RKB013', NULL, NULL, NULL),
('01JKS319', NULL, NULL, NULL),
('02PDG008', NULL, NULL, NULL),
('03KRW172', NULL, NULL, NULL),
('02PDG012', NULL, NULL, NULL),
('02RKB072', NULL, NULL, NULL),
('02RKB109', NULL, NULL, NULL),
('02RKB131', NULL, NULL, NULL),
('02PDG076', NULL, NULL, NULL),
('02TGN107', NULL, NULL, NULL),
('01JKP677', NULL, NULL, NULL),
('01JKS203', NULL, NULL, NULL),
('01JKB039', NULL, NULL, NULL),
('02CLG001', NULL, NULL, NULL),
('03KRW024', NULL, NULL, NULL),
('02RKB001', NULL, NULL, NULL),
('01JKP468', NULL, NULL, NULL),
('02SRG002', NULL, NULL, NULL),
('01JKS153', NULL, NULL, NULL),
('01JKS225', NULL, NULL, NULL),
('01JKP206', NULL, NULL, NULL),
('03CBN002', NULL, NULL, NULL),
('03KRW003', NULL, NULL, NULL),
('02TGR017', NULL, NULL, NULL),
('01JKP233', NULL, NULL, NULL),
('02TGN040', NULL, NULL, NULL),
('02TGR035', NULL, NULL, NULL),
('01JKP237', NULL, NULL, NULL),
('03CKR010', NULL, NULL, NULL),
('02TGN053', NULL, NULL, NULL),
('03CBN006', NULL, NULL, NULL),
('01JKB118', NULL, NULL, NULL),
('03BKS080', NULL, NULL, NULL),
('02PDG025', NULL, NULL, NULL),
('03CBN116', NULL, NULL, NULL),
('03KRW100', NULL, NULL, NULL),
('03KRW019', NULL, NULL, NULL),
('02PDG006', NULL, NULL, NULL),
('03KRW029', NULL, NULL, NULL),
('02RKB033', NULL, NULL, NULL),
('02TGN080', NULL, NULL, NULL),
('01JKS011', NULL, NULL, NULL),
('02PDG002', NULL, NULL, NULL),
('03KRW025', NULL, NULL, NULL),
('02RKB101', NULL, NULL, NULL),
('02RKB007', NULL, NULL, NULL),
('03CBN241', NULL, NULL, NULL),
('01JKU163', NULL, NULL, NULL),
('03CBN066', NULL, NULL, NULL),
('02TGN033', NULL, NULL, NULL);

-- --------------------------------------------------------

--
-- Table structure for table `site_information`
--

CREATE TABLE IF NOT EXISTS `site_information` (
  `siteId` varchar(255) NOT NULL,
  `siteStatus` varchar(255) DEFAULT NULL,
  `region` varchar(255) DEFAULT NULL,
  `siteName` varchar(255) DEFAULT NULL,
  `long` float DEFAULT NULL,
  `lat` float DEFAULT NULL,
  `address` text,
  `siteCategory` varchar(255) DEFAULT NULL,
  `ownersName` varchar(255) DEFAULT NULL,
  `siteLocation` varchar(255) DEFAULT NULL,
  `towerType` varchar(255) DEFAULT NULL,
  `identifiedTower` varchar(255) DEFAULT NULL,
  `height` varchar(255) DEFAULT NULL,
  `towerDesign` varchar(255) DEFAULT NULL,
  `analysisType` varchar(255) DEFAULT NULL,
  `surveyType` varchar(255) DEFAULT NULL,
  `structuralSurvey` varchar(255) DEFAULT NULL,
  `groundingSurvey` varchar(255) DEFAULT NULL,
  `otherProject` varchar(255) DEFAULT NULL,
  `analyzedBy` varchar(255) DEFAULT NULL,
  `strengthened` varchar(255) DEFAULT NULL,
  PRIMARY KEY (`siteId`)
) ENGINE=InnoDB DEFAULT CHARSET=latin1;

--
-- Dumping data for table `site_information`
--

INSERT INTO `site_information` (`siteId`, `siteStatus`, `region`, `siteName`, `long`, `lat`, `address`, `siteCategory`, `ownersName`, `siteLocation`, `towerType`, `identifiedTower`, `height`, `towerDesign`, `analysisType`, `surveyType`, `structuralSurvey`, `groundingSurvey`, `otherProject`, `analyzedBy`, `strengthened`) VALUES
('01JKB039', 'groundingDesign_completed', 'Jakarta', 'HASYIM', 106.805, -6.18372, 'Jl. Kota Bambu Utara VI Rt. 010 Rw. 04, Kel. Kota Bambu Utara, Kec. Pal Merah, Kota Jakarta Barat', 'TMG', 'PT Indosat Tbk', 'Green Field', 'SST-4L', '', '30', 'Design Available', 'Desktop Study', 'CME Survey', '', 'Yes', 'RAN', 'Atelier 6 - 2012', 'Yes'),
('01JKB367', 'ESR_completed', 'Jakarta', 'DUTA3_HUB', 106.77, -6.19, 'JL. DURI RAYA NO.22-A RT.002/007 KEL. DURI KEPA KEC. KEBON JERUK JAKARTA BARAT? ', 'TMG', 'PT Indosat Tbk', 'Rooftop', 'POLE', '', '6', 'Pole', 'Full Analysis', 'Full Survey', 'Yes', 'Yes', '', '', ''),
('01JKP044', 'all_completed', 'Jakarta', '_WTC', 106.82, -6.21494, 'Jl. Jend. Sudirman Kav. 29 Jakarta Selatan 12920', 'TMG', 'PT Indosat Tbk', 'IBS', 'POLE', '', '3', '', 'Full Analysis', 'Full Survey', 'Yes', 'Yes', 'RAN', '', ''),
('01JKP177', 'groundingDesign_completed', 'Jakarta', 'STADION_MADYA', 106.799, -6.21818, 'STADION MADYA SENAYAN,JL.ASIA AFRIKA,JAKARTA SELATAN', 'TMG', 'PT Indosat Tbk', 'Green Field', 'MONOPOLE', '', '30', 'Design Available', 'Full Analysis', 'Full Survey', 'Yes', '', 'RAN', 'Sipa Adhitama', ''),
('01JKP206', 'structuralDesign_completed', 'Jakarta', 'KAWIKAWI', 0, 0, '', 'TMG', 'PT Indosat Tbk', 'Green Field', 'SST-4L', 'Yes', '70', 'Design Available', 'Desktop Study', 'No Survey', '', '', 'RAN', 'Atelier 6 - 2013', ''),
('01JKP233', 'groundingDesign_completed', 'Jakarta', 'INDUSTRI_KMYR', 106.841, -6.1514, 'Jl. Industri Kemayoran, Jakpus', 'TMG', 'PT Indosat Tbk', 'Rooftop', 'MONOPOLE', '', '34', 'Design Available', 'Full Analysis', 'Full Survey', 'Yes', 'Yes', 'RAN', 'Sipa', ''),
('01JKP237', 'ESR_completed', 'Jakarta', '_GDNG_JAYA', 106.823, -6.18658, 'Jl. MH. Thamrin No. 12, Kota Jakarta Pusat', 'TMG', 'PT Indosat Tbk', 'IBS', 'POLE', '', '3', '', 'Full Analysis', 'Full Survey', 'Yes', 'Yes', 'RAN', '', ''),
('01JKP468', 'groundingDesign_completed', 'Jakarta', 'bumi_asih', 106.861, -6.21136, 'Jl. Matraman Raya No. 165-167, Kel. Palmeriam, Kec. Matraman, Kotamadya Jakarta Timur ', 'TMG', 'PT Indosat Tbk', 'Rooftop', 'POLE', '', '2, 3, 6', 'Pole', 'Full Analysis', 'Full Survey', 'Yes', 'Yes', '', '', ''),
('01JKP666', 'ESR_completed', 'Jakarta', '_APT_LGON_KMY', 106.853, -6.15317, 'APT.MEDITERANIA LAGOON RESIDENCE JL.LANDASAN PACU UTARA-SELATAN KOMP.KEMAYORAN BLOK A1 KAV 2 KEMAYORAN JAKARTA PUSAT', 'TMG', 'PT Indosat Tbk', 'Rooftop', 'POLE', '', '3', 'Pole', 'Full Analysis', 'Full Survey', 'Yes', 'Yes', 'RAN', '', ''),
('01JKP677', 'ESR_completed', 'Jakarta', 'CEMPAKA_MAS', 106.875, -6.16583, 'Gedung Graha Cempaka Mas, Jl. Let. Jend. Suprapto Kav. 3, Kel. Sumur Batu, Kec. Kemayoran Jakarta Pusat 10640', 'TMG', 'PT Indosat Tbk', 'Rooftop', 'POLE', '', '6', 'Pole', 'Full Analysis', 'Full Survey', 'Yes', 'Yes', 'RAN', 'Rekons', 'Yes'),
('01JKP832', 'ESR_completed', 'Jakarta', '_HOTEL_FAVE', 106.821, -6.1873, 'JL Wahid Hasim no 135 Jakarta', 'TMG', 'PT Indosat Tbk', 'IBS', 'POLE', '', '3', '', 'Full Analysis', 'Full Survey', 'Yes', 'Yes', 'RAN', '', ''),
('01JKS007', 'structuralDesign_completed', '', 'MANSUR', 106.818, -6.32125, 'JL. PEPAYA, JAGAKARSA, JAKARTA SELATAN', 'TMG', 'PT Indosat Tbk', 'Green Field', 'SST-4L', 'Yes', '55', 'CGTI 1997', 'Desktop Study', 'No Survey', '', '', '', 'Atelier 6 - 2012', 'Yes'),
('01JKS011', 'structuralDesign_completed', 'Jakarta', 'BATAN', 0, 0, '', 'TMG', 'PT Indosat Tbk', 'Green Field', 'SST-4L', 'Yes', '40', 'CGTI 1997', 'Desktop Study', 'No Survey', '', '', 'RAN', '', ''),
('01JKS020', 'all_completed', '', 'SATMARINDO', 106.817, -6.29087, 'Jl. Ampera Raya No. 5, Kel. Cilandak Timur, Kec. Pasar Minggu, Kotamadya Jakarta Selatan 12560', 'TMG', 'PT Indosat Tbk', 'Rooftop', 'Guyed Mast', 'Yes', '23', 'Design Available', 'Desktop Study', 'Full Survey', 'Yes', 'Yes', '', 'TC', ''),
('01JKS153', 'ESR_completed', 'Jakarta', '_BK_MANDIRI', 106.814, -6.22507, 'Plaza Mandiri Lt. 1, Jl. Jend. Gatot Subroto Kav. 36-38, Jakarta 12190 (Gedung Bank Exim)', 'TMG', 'PT Indosat Tbk', 'IBS', 'POLE', '', '3', '', 'Full Analysis', 'Full Survey', 'Yes', 'Yes', 'RAN', '', ''),
('01JKS179', 'structuralDesign_completed', 'Jakarta', 'BENDA_KEMANG', 0, 0, '', 'TMG', 'PT Indosat Tbk', 'Green Field', 'SST-4L', 'Yes', '52', 'IM3', 'Desktop Study', 'No Survey', '', '', 'RAN', 'Atelier 6 - 2011', ''),
('01JKS203', 'all_completed', 'Jakarta', 'CILANDAKCE', 106.816, -6.29735, 'Jl. Cilandak -KKO Gang Abbah No. 27 Rt. 006 Rw. 005, Kel. Ragunan, Kec. Pasar Minggu, Kota Jakarta Selatan', 'TMG', 'PT Indosat Tbk', 'Green Field', 'SST-4L', '', '52', 'IM3', 'Desktop Study', 'CME Survey', '', 'Yes', 'RAN', 'Atelier 6 - 2011', 'Yes'),
('01JKS225', 'all_completed', 'Jakarta', 'KAHFI', 106.809, -6.35702, 'Jl. Moh. Kahfi II No. 61 Rt. 06 Rw. 03, Kel. Cipedak, Kec. Jagakarsa, Kotamadya Jakarta Selatan', 'TMG', 'PT Indosat Tbk', 'Green Field', 'SST-4L', '', '70', 'CGTI 1997', 'Desktop Study', 'CME Survey', '', 'Yes', 'RAN', 'Handasa', 'Yes'),
('01JKS319', 'all_completed', 'Jakarta', 'CILANDAK', 106.794, -6.28581, 'Gang H. Nimin No. 38 Rt. 001 Rw. 005, Kel. Cilandak Barat, Kota Jakarta Selatan', 'TMG', 'PT Indosat Tbk', 'Green Field', 'SST-4L', '', '52', 'IM3', 'Desktop Study', 'CME Survey', '', 'Yes', 'RAN', 'Atelier 6 - 2011', 'Yes'),
('01JKT078', 'groundingDesign_completed', 'Jakarta', 'MAHROEP_DURSA', 106.909, -6.23275, 'Jl. Buluh Perindu I No. 11 Rt. 016 Rw. 006, Kel. Podok Bambu, Kec. Duren Sawit, Kotamadya Jakarta Timur', 'TMG', 'PT Indosat Tbk', 'Green Field', 'SST-4L', '', '30', 'Design Available', 'Desktop Study', 'CME Survey', '', 'Yes', 'RAN', 'Atelier 6 - 2012', ''),
('01JKT085', 'all_completed', 'Jakarta', 'MENTENG_METRO', 106.968, -6.18459, 'Jl. Satria Rt. 010 Rw. 002, Kel. Ujung Menteng, Kec. Cakung, Kota Jakarta Timur', 'TMG', 'PT Indosat Tbk', 'Green Field', 'SST-4L', '', '52', 'IM3', 'Desktop Study', 'CME Survey', '', 'Yes', 'RAN', 'Handasa', 'Yes'),
('01JKT100', 'structuralDesign_completed', 'Jakarta', 'KPG_RAMBUTAN', 0, 0, '', 'TMG', 'PT Indosat Tbk', 'Green Field', 'SST-4L', 'Yes', '40', 'RK 2003/2004', 'Desktop Study', 'No Survey', '', '', 'RAN', '', ''),
('01JKU163', 'groundingDesign_completed', 'Jakarta', 'teco', 0, 0, '', 'TMG', 'PT Indosat Tbk', 'Rooftop', 'SST-4L', 'Yes', '20', 'Mini Tower', 'Full Analysis', 'Full Survey', 'Yes', 'Yes', 'RAN', 'Handasa', ''),
('02CLG001', 'groundingDesign_completed', 'Botabek', 'cigading', 105.955, -6.02251, 'JL. ANYER 1 KM. 187? CILEGON ', 'TMG', 'PT Indosat Tbk', 'Green Field', 'SST-4L', '', '70', 'CGTI 1997', 'Desktop Study', 'CME Survey', '', 'Yes', 'RAN', 'TC', ''),
('02CLG004', 'all_completed', 'Botabek', 'CILEGONBARAT', 106.035, -6.01004, 'JL. INDUSTRI NO.5 KRAKATAU WAJATAMA, CILEGON', 'TMG', 'PT Indosat Tbk', 'Green Field', 'SST-4L', '', '72', 'IM3', 'Desktop Study', 'CME Survey', '', 'Yes', 'RAN', 'TC', 'Yes'),
('02PDG002', 'structuralDesign_completed', 'Botabek', 'aksan', 0, 0, '', 'TMG', 'PT Indosat Tbk', 'Green Field', 'SST-4L', 'Yes', '55', 'RK 2005', 'Desktop Study', 'No Survey', '', '', 'Jaguar', 'TC', ''),
('02PDG006', 'structuralDesign_completed', 'Botabek', 'KEDUHAJO', 0, 0, '', 'TMG', 'PT Indosat Tbk', 'Green Field', 'SST-4L', 'Yes', '70', 'RK 2003/2004', 'Desktop Study', 'No Survey', '', '', 'Jaguar', 'TC', 'Yes'),
('02PDG007', 'structuralDesign_completed', 'Botabek', 'KARATON', 0, 0, '', 'TMG', 'PT Indosat Tbk', 'Green Field', 'SST-4L', 'Yes', '70', 'RK 2003/2004', 'Desktop Study', 'No Survey', '', '', 'Jaguar', 'TC', 'Yes'),
('02PDG008', 'structuralDesign_completed', 'Botabek', 'MENES', 0, 0, '', 'TMG', 'PT Indosat Tbk', 'Green Field', 'SST-4L', 'Yes', '70', 'RK 2003/2004', 'Desktop Study', 'No Survey', '', '', 'Jaguar', 'TC', 'Yes'),
('02PDG012', 'structuralDesign_completed', 'Botabek', 'CARITAAKSAN', 0, 0, '', 'TMG', 'PT Indosat Tbk', 'Green Field', 'SST-4L', 'Yes', '70', 'RK 2005', 'Desktop Study', 'No Survey', '', '', 'Jaguar', 'TC', ''),
('02PDG025', 'structuralDesign_completed', 'Botabek', 'PANDEGLANG', 0, 0, '', 'TMG', 'PT Indosat Tbk', 'Green Field', 'SST-4L', 'Yes', '70', 'SK 2002', 'Desktop Study', 'No Survey', '', '', 'Jaguar', 'TC', 'Yes'),
('02PDG043', 'structuralDesign_completed', 'Botabek', 'GN_DATAR', 0, 0, '', 'TMG', 'PT Indosat Tbk', 'Green Field', 'SST-4L', 'Yes', '72', 'DCK 2007', 'Desktop Study', 'No Survey', '', '', 'Jaguar', 'TC', 'Yes'),
('02PDG076', 'structuralDesign_completed', 'Botabek', 'MADUR', 0, 0, '', 'TMG', 'PT Indosat Tbk', 'Green Field', 'SST-4L', 'Yes', '72', 'DCK 2007', 'Desktop Study', 'No Survey', '', '', 'Jaguar', 'TC', ''),
('02RKB001', 'structuralDesign_completed', 'Botabek', 'RGKSBITUNG', 0, 0, '', 'TMG', 'PT Indosat Tbk', 'Green Field', 'SST-4L', 'Yes', '70', 'Design Available', 'Desktop Study', 'No Survey', '', '', 'Jaguar', 'TC', 'Yes'),
('02RKB005', 'structuralDesign_completed', 'Botabek', 'PARUNGSARI', 0, 0, '', 'TMG', 'PT Indosat Tbk', 'Green Field', 'SST-4L', 'Yes', '70', 'RK 2005', 'Desktop Study', 'No Survey', '', '', 'Jaguar', 'TC', 'Yes'),
('02RKB007', 'structuralDesign_completed', 'Botabek', 'Cilegong', 0, 0, '', 'TMG', 'PT Indosat Tbk', 'Green Field', 'SST-4L', 'Yes', '70', 'RK 2005', 'Desktop Study', 'No Survey', '', '', 'Jaguar', 'TC', ''),
('02RKB013', 'ESR_completed', 'Botabek', 'SUKAMAJUCJAKU', 106.065, -6.70168, 'JL. SUKAMAJU? KP . CIJAKU DESA SUKAMAJU RT 08 RW? 02 , KEC. CIJAKU , PANDELANG', 'TMG', 'PT Indosat Tbk', 'Green Field', 'SST-4L', '', '70', 'RK 2005', 'Desktop Study', 'CME Survey', '', 'Yes', 'Jaguar', 'TC', ''),
('02RKB022', 'structuralDesign_completed', 'Botabek', 'MALINGPING', 0, 0, '', 'TMG', 'PT Indosat Tbk', 'Green Field', 'SST-4L', 'Yes', '70', 'RK 2005', 'Desktop Study', 'No Survey', '', '', 'Jaguar', 'TC', ''),
('02RKB033', 'structuralDesign_completed', 'Botabek', 'CIKADULBK', 0, 0, '', 'TMG', 'PT Indosat Tbk', 'Green Field', 'SST-4L', 'Yes', '70', 'RK 2005 HD', 'Desktop Study', 'No Survey', '', '', 'Jaguar', 'TC', ''),
('02RKB041', 'structuralDesign_completed', '', 'PASIR_KACAPI', 106.401, -6.37728, 'KP. CIUBER, RT. 03 RW 02 KEC MAJA , KAB. LEBAK', 'TMG', 'PT Indosat Tbk', 'Green Field', 'SST-4L', 'Yes', '52', 'DCK 2007', 'Desktop Study', 'No Survey', '', '', '', '', ''),
('02RKB072', 'structuralDesign_completed', 'Botabek', 'GARDUBATOK', 0, 0, '', 'TMG', 'PT Indosat Tbk', 'Green Field', 'SST-4L', 'Yes', '52', 'DCK 2007', 'Desktop Study', 'No Survey', '', '', 'Jaguar', 'TC', ''),
('02RKB073', 'structuralDesign_completed', 'Botabek', 'GEDANG', 0, 0, '', 'TMG', 'PT Indosat Tbk', 'Green Field', 'SST-4L', 'Yes', ' ', 'DCK 2007', 'Desktop Study', 'No Survey', '', '', 'Jaguar', 'TC', ''),
('02RKB101', 'structuralDesign_completed', 'Botabek', 'SUKAJAYA_LBK', 0, 0, '', 'TMG', 'PT Indosat Tbk', 'Green Field', 'SST-4L', 'Yes', '52', 'DCK 2007', 'Desktop Study', 'No Survey', '', '', 'Jaguar', 'TC', ''),
('02RKB108', 'groundingDesign_completed', 'Botabek', 'WARUNGGUNUNG', 106.194, -6.30167, 'KP. PASIR GADUNG RT.09 RW 03, DESA JAGABAYA, KEC. WARUNG GUNUNG, KAB. LEBAK ', 'TMG', 'PT Indosat Tbk', 'Green Field', 'SST-4L', '', '52', 'IM3', 'Desktop Study', 'CME Survey', '', 'Yes', 'Jaguar', 'TC', 'Yes'),
('02RKB109', 'structuralDesign_completed', 'Botabek', 'WARUNG_SUGAN', 0, 0, '', 'TMG', 'PT Indosat Tbk', 'Green Field', 'SST-4L', 'Yes', '52', 'DCK 2007', 'Desktop Study', 'No Survey', '', '', 'Jaguar', 'TC', ''),
('02RKB131', 'ESR_completed', 'Botabek', 'Hamberang', 106.397, -6.55028, 'JL. HAMBERANG, RT.02/RW.05, DS. LURJAYA, KEC. CIPANAS, KAB. LEBAK', 'TMG', 'PT Indosat Tbk', 'Green Field', 'SST-4L', '', '72', 'DCK 2007', 'Desktop Study', 'CME Survey', '', 'Yes', 'Jaguar', 'TC', ''),
('02RKB133', 'all_completed', 'Botabek', 'NODAL_BAYAH', 106.15, -6.87915, 'Kp. Cidahu Rt. 02/ 01. Desa. Karangmulya. Kec. Panggarangan, Kab. Lebak. Prop. Banten', 'TMG', 'PT Indosat Tbk', 'Green Field', 'SST-4L', '', '70', 'RK 2005', 'Desktop Study', 'CME Survey', '', 'Yes', 'Jaguar', 'TC', ''),
('02SRG002', 'structuralDesign_completed', 'Botabek', 'CIKANDE', 0, 0, '', 'TMG', 'PT Indosat Tbk', 'Green Field', 'SST-4L', 'Yes', '72,4', 'Design Available', 'Desktop Study', 'No Survey', '', '', 'RAN', 'TC', ''),
('02SRG038', 'structuralDesign_completed', 'Botabek', 'CIKANDEKOTA', 0, 0, '', 'TMG', 'PT Indosat Tbk', 'Green Field', 'SST-4L', 'Yes', '70', 'RK 2003/2004', 'Desktop Study', 'No Survey', '', '', 'RAN', '', ''),
('02TGN010', 'structuralDesign_completed', 'Botabek', 'RAJEG', 0, 0, '', 'TMG', 'PT Indosat Tbk', 'Green Field', 'SST-4L', 'Yes', '70', 'RK 2003/2004', 'Desktop Study', 'No Survey', '', '', 'RAN', 'TC', ''),
('02TGN012', 'groundingDesign_completed', 'Botabek', 'SURADITA', 106.638, -6.35987, 'JL. RAYA LAPAN_SURADITO RT 016/04 SERPONG', 'TMG', 'PT Indosat Tbk', 'Green Field', 'SST-4L', '', '55', 'RK 2003/2004', 'Desktop Study', 'CME Survey', '', 'Yes', 'RAN', '', ''),
('02TGN032', 'structuralDesign_completed', 'Botabek', 'TIGARAKSA_RD', 0, 0, '', 'TMG', 'PT Indosat Tbk', 'Green Field', 'SST-4L', 'Yes', '42', 'IM3', 'Desktop Study', 'No Survey', '', '', 'RAN', '', 'Yes'),
('02TGN033', 'all_completed', 'Botabek', 'SERPONG_ROAD', 0, 0, '', 'TMG', 'PT Indosat Tbk', 'Green Field', 'SST-4L', 'Yes', '', 'Design Available', 'Desktop Study', 'CME Survey', '', 'Yes', '', '', 'Yes'),
('02TGN040', 'structuralDesign_completed', 'Botabek', 'KEDATON', 0, 0, '', 'TMG', 'PT Indosat Tbk', 'Green Field', 'SST-4L', 'Yes', '70', 'CGTI 1997', 'Desktop Study', 'No Survey', '', '', 'RAN', 'TC', ''),
('02TGN053', 'structuralDesign_completed', 'Botabek', 'SANANIBUN', 0, 0, '', 'TMG', 'PT Indosat Tbk', 'Green Field', 'SST-4L', 'Yes', '40', 'Design Available', 'Desktop Study', 'No Survey', '', '', 'RAN', '', ''),
('02TGN056', 'structuralDesign_completed', '', 'CIKUPA', 106.512, -6.2156, 'KAMPUNG TELAGA RT04 RW01 DS TELAGA KE. CIKUPA TANGERANG', 'TMG', 'PT Indosat Tbk', 'Green Field', 'SST-4L', 'Yes', '55', 'RK 2003/2004', 'Desktop Study', 'No Survey', '', '', '', '', ''),
('02TGN080', 'all_completed', 'Botabek', 'PARISTINA_PP', 106.709, -6.35184, 'KP. BABAKAN BAKTI JAYA RT 07/02, KEL. BAKTI JAYA, CISAUK, TANGERANG', 'TMG', 'PT Indosat Tbk', 'Green Field', 'SST-4L', '', '55', 'Design Available', 'Desktop Study', 'CME Survey', '', 'Yes', 'RAN', 'Atelier 6 - 2014', ''),
('02TGN082', 'structuralDesign_completed', 'Botabek', 'VILLA_ASEAN', 0, 0, '', 'TMG', 'PT Indosat Tbk', 'Green Field', 'SST-4L', 'Yes', '40', 'Sat 2001', 'Desktop Study', 'No Survey', '', '', 'RAN', 'Rekons', ''),
('02TGN099', 'structuralDesign_completed', 'Botabek', 'TELUK_NAGA', 0, 0, '', 'TMG', 'PT Indosat Tbk', 'Green Field', 'SST-4L', 'Yes', '55', 'CGTI 1997', 'Desktop Study', 'No Survey', '', '', 'RAN', '', ''),
('02TGN107', 'structuralDesign_completed', 'Botabek', 'NIRWANA_SERPG', 0, 0, '', 'TMG', 'PT Indosat Tbk', 'Green Field', 'SST-4L', 'Yes', '55', 'RK 2003/2004', 'Desktop Study', 'No Survey', '', '', 'RAN', 'Atelier 6 - 2012', ''),
('02TGN110', 'groundingDesign_completed', 'Botabek', 'LEGOK_KOTA', 106.593, -6.29578, 'JL RAYA KARAWACI-LEGOK RT 03/06, BABAKAN LEGOK, TANGERANG BANTEN', 'TMG', 'PT Indosat Tbk', 'Green Field', 'SST-4L', '', '40', 'RK 2003/2004', 'Desktop Study', 'CME Survey', '', 'Yes', 'RAN', '', ''),
('02TGN187', 'groundingDesign_completed', 'Botabek', 'MKRJY_CURUG', 106.548, -6.30756, 'KP. RANCA KEBO RT.12 RW 04 DS. MEKAR JAYA KEC. PANONGAN TANGERANG ', 'TMG', 'PT Indosat Tbk', 'Green Field', 'SST-4L', '', '32', 'DCK 2007', 'Desktop Study', 'CME Survey', '', 'Yes', 'RAN', '', ''),
('02TGN241', 'all_completed', 'Botabek', 'TOL_MERAKKM29', 106.544, -6.20429, 'KP.GEBANG,DS.SUKADAMAI KEL,SUKADAMAI KEC.CIKUPA KAB.TANGERANG.', 'TMG', 'PT Indosat Tbk', 'Green Field', 'SST-4L', '', '42', 'DCK 2007', 'Desktop Study', 'CME Survey', '', 'Yes', 'RAN', '', ''),
('02TGR002', 'all_completed', 'Botabek', 'SAYUNI_MBTANG', 106.682, -6.16245, 'BLOK AMPERA RT.02/01 PORIS GAGA, TANGERANG, BANTEN', 'TMG', 'PT Indosat Tbk', 'Green Field', 'SST-4L', '', '40', 'Design Available', 'Desktop Study', 'CME Survey', '', 'Yes', 'RAN', '', 'Yes'),
('02TGR017', 'structuralDesign_completed', 'Botabek', 'MODERNLAND', 0, 0, '', 'TMG', 'PT Indosat Tbk', 'Green Field', 'SST-4L', 'Yes', '55', 'CGTI 1997', 'Desktop Study', 'No Survey', '', '', 'RAN', 'Atelier 6 - 2012', ''),
('02TGR035', 'structuralDesign_completed', 'Botabek', 'WILAN_TNGR', 0, 0, '', 'TMG', 'PT Indosat Tbk', 'Green Field', 'SST-4L', 'Yes', '40', 'Design Available', 'Desktop Study', 'No Survey', '', '', 'RAN', 'Atelier 6 - 2012', 'Yes'),
('03BGR033', 'structuralDesign_completed', '', 'BUDI_AGUNG', 106.789, -6.55338, 'JL. SUKADAMAI INDAH NO.01 RT02/01 KEL. SUKADAMAI, KEC. TANAH SEREAL, BOGOR', 'TMG', 'PT Indosat Tbk', 'Green Field', 'SST-4L', 'Yes', '55', 'RK 2003/2004', 'Desktop Study', 'Full Survey', 'Yes', 'Yes', '', '', ''),
('03BGR035', 'structuralDesign_completed', '', 'SINDANG_BRG', 106.772, -6.58487, 'JL. DARUL QUR''AN RT.03/02 DESA LOJI KEC. BOGOR BARA', 'TMG', 'PT Indosat Tbk', 'Green Field', 'SST-4L', 'Yes', '42', 'IM3', 'Desktop Study', 'No Survey', '', '', '', 'Atelier 6 - 2011', 'Yes'),
('03BGR095', 'all_completed', 'Botabek', 'DRAMAGA', 106.762, -6.55272, 'JL. CURUG INDAH RT 16 RW.05 KEL.SEMPLAK, KEC.BOGOR BARAT, BOGOR', 'TMG', 'PT Indosat Tbk', 'Green Field', 'SST-4L', '', '46', 'Design Available', 'Desktop Study', 'CME Survey', '', 'Yes', 'RAN', 'Atelier 6 - 2012', 'Yes'),
('03BKS080', 'structuralDesign_completed', 'Botabek', 'PDK_RANGON', 0, 0, '', 'TMG', 'PT Indosat Tbk', 'Green Field', 'SST-4L', 'Yes', '52', 'IM3', 'Desktop Study', 'No Survey', '', '', 'RAN', 'Handasa', ''),
('03CBN002', 'structuralDesign_completed', 'Botabek', 'IJAH', 0, 0, '', 'TMG', 'PT Indosat Tbk', 'Green Field', 'SST-4L', 'Yes', '55', 'Design Available', 'Desktop Study', 'No Survey', '', '', 'RAN', '', 'Yes'),
('03CBN006', 'structuralDesign_completed', 'Botabek', 'JAMPANG', 0, 0, '', 'TMG', 'PT Indosat Tbk', 'Green Field', 'SST-4L', 'Yes', '55', 'CGTI 1997', 'Desktop Study', 'No Survey', '', '', 'RAN', 'TC', 'Yes'),
('03CBN011', 'structuralDesign_completed', '', 'DUDU', 106.854, -6.56029, 'JL.RAYA BABAKAN MADANGAN KP.CITARINGUL KAB.BOGOR', 'TMG', 'PT Indosat Tbk', 'Green Field', 'SST-4L', 'Yes', '55', 'Design Available', 'Desktop Study', 'No Survey', '', '', '', '', ''),
('03CBN066', 'all_completed', 'Botabek', 'CISEENG', 0, 0, '', 'TMG', 'PT Indosat Tbk', 'Green Field', 'SST-4L', 'Yes', '70', 'Design Available', 'Desktop Study', 'CME Survey', '', 'Yes', 'RAN', '', ''),
('03CBN068', 'structuralDesign_completed', 'Botabek', 'CIGUDEG', 0, 0, '', 'TMG', 'PT Indosat Tbk', 'Green Field', 'SST-4L', 'Yes', '70', 'RK 2003/2004', 'Desktop Study', 'No Survey', '', '', 'RAN', '', ''),
('03CBN069', 'structuralDesign_completed', '', '?JASINGA', 106.467, -6.48121, 'KEBON ANGGREK RT.03/03 DESA PAMEGER SARI,KEC.JASINGA,KAB.BOGOR', 'TMG', 'PT Indosat Tbk', 'Green Field', 'SST-4L', 'Yes', '70', 'RK 2003/2004', 'Desktop Study', 'No Survey', '', '', '', 'TC', ''),
('03CBN094', 'all_completed', 'Botabek', 'CURUGBITUNG', 106.533, -6.63018, 'JL. CIBEBER KP. CIRENGIT DS. CURUG BITUNG KEC. NANGGUNG, GUNUNG PONGKOR - BOGOR CURUG_BITUNG???', 'TMG', 'PT Indosat Tbk', 'Green Field', 'SST-4L', '', '70', 'RK 2003/2004', 'Desktop Study', 'CME Survey', '', 'Yes', '', '', 'Yes'),
('03CBN107', 'structuralDesign_completed', '', 'BUKIT_PELANGI', 106.885, -6.61317, '.PASAR KARET RT.04 /RW.04,DESA CIJAYANTI KEC.BABAKAN MADANG,BOGOR??????? BKT_PELANGI????', 'TMG', 'PT Indosat Tbk', 'Green Field', 'SST-4L', 'Yes', '55', 'RK 2005', 'Desktop Study', 'No Survey', '', '', '', '', ''),
('03CBN156', 'structuralDesign_completed', '', 'BAGOANG', 106.456, -6.4202, 'KP. TARISI, RT.01,RW.02, DS. BAGOANG, KEC. JASINGA , KAB. BOGOR', 'TMG', 'PT Indosat Tbk', 'Green Field', 'SST-4L', 'Yes', '72', 'DCK 2007', 'Desktop Study', 'No Survey', '', '', '', '', ''),
('03CBN189', 'structuralDesign_completed', 'Botabek', 'CIMANG_CIAPUS', 0, 0, '', 'TMG', 'PT Indosat Tbk', 'Green Field', 'SST-4L', 'Yes', '72', 'DCK 2007', 'Desktop Study', 'No Survey', '', '', 'RAN', '', ''),
('03CBN227', 'structuralDesign_completed', '', 'NGUSUH', 106.435, -6.4995, 'JL CURUG CIMARACAK, RT.01/RW.10, DS. CURUG KEC. JASINGA, KAB. BOGOR ', 'TMG', 'PT Indosat Tbk', 'Green Field', 'SST-4L', 'Yes', '72', 'DCK 2007', 'Desktop Study', 'No Survey', '', '', '', 'TC', 'Yes'),
('03CBN241', 'structuralDesign_completed', 'Botabek', 'PTPNVII', 0, 0, '', 'TMG', 'PT Indosat Tbk', 'Green Field', 'SST-4L', 'Yes', '62', 'DCK 2007', 'Desktop Study', 'No Survey', '', '', 'Jaguar', 'TC', ''),
('03CBN310', 'groundingDesign_completed', 'Botabek', 'CIKUDA', 106.586, -6.36814, 'JL. RAYA CIKUDA RT. 02 RW. 01 KP RABAK KEC PARUNG PANJANG KAB BOGOR', 'TMG', 'PT Indosat Tbk', 'Green Field', 'SST-4L', '', '52', 'DCK 2007', 'Desktop Study', 'CME Survey', '', 'Yes', 'RAN', 'Atelier 6 - 2011', ''),
('03CBN375', 'structuralDesign_completed', '', 'KAMPUNG_BULUH', 106.617, -6.40366, 'JL.KP,CIBULUHEUN KP,CIBULUHEUN DS,TAMAN SARI KEC.RUMPIN KAB.BOGOR', 'TMG', 'PT Indosat Tbk', 'Green Field', 'SST-4L', 'Yes', '42', 'DCK 2007', 'Desktop Study', 'No Survey', '', '', '', '', ''),
('03CKR010', 'structuralDesign_completed', 'Botabek', 'TAMAN_SENTOSA', 0, 0, '', 'TMG', 'PT Indosat Tbk', 'Green Field', 'SST-4L', 'Yes', '52', 'IM3', 'Desktop Study', 'No Survey', '', '', 'RAN', 'TC', ''),
('03CKR042', 'all_completed', 'Botabek', 'SKSUKATANI', 107.178, -6.17465, 'JL. CIKARANG SUKATANI RT. 01? RW? 01 KP. BLOKANG UTARA DS. SENTOSA KEC. KARANG BAHAGIA', 'TMG', 'PT Indosat Tbk', 'Green Field', 'SST-4L', '', '70', 'RK 2003/2004', 'Desktop Study', 'CME Survey', '', 'Yes', 'RAN', 'TC', ''),
('03DPK009', 'groundingDesign_completed', 'Botabek', 'SAWANGAN', 106.746, -6.40508, 'JL. RAYA SAWANGAN (DEKAT SAWANGAN GOLF SAMPING PEMANCINGAN) SAWANGAN BOGOR', 'TMG', 'PT Indosat Tbk', 'Green Field', 'SST-4L', '', '55', 'CGTI 1997', 'Desktop Study', 'CME Survey', '', 'Yes', 'RAN', 'TC', ''),
('03KRW003', 'all_completed', 'Botabek', 'KARAWANGCITY', 107.304, -6.30395, 'JL. MANGGA, KP. GURO RT. 06 RW 02, KARAWANG', 'TMG', 'PT Indosat Tbk', 'Green Field', 'SST-4L', '', '47,5', 'Design Available', 'Desktop Study', 'CME Survey', '', 'Yes', 'RAN', 'Atelier 6 - 2014', ''),
('03KRW014', 'groundingDesign_completed', 'Botabek', 'TELUKJAMBE', 107.313, -6.32992, 'DUSUN SUKARAYA RT. 004 RW 01 KEC. TELUK JAMBE, KARAWANG', 'TMG', 'PT Indosat Tbk', 'Green Field', 'SST-4L', '', '40', 'Sat 2001', 'Desktop Study', 'CME Survey', '', 'Yes', 'RAN', 'TC', ''),
('03KRW019', 'structuralDesign_completed', 'Botabek', 'PEBAYURAN', 0, 0, '', 'TMG', 'PT Indosat Tbk', 'Green Field', 'SST-4L', 'Yes', '70', 'Design Available', 'Desktop Study', 'No Survey', '', '', 'RAN', 'Handasa', ''),
('03KRW025', 'structuralDesign_completed', 'Botabek', 'CIKAMPEKUTARA', 0, 0, '', 'TMG', 'PT Indosat Tbk', 'Green Field', 'SST-4L', 'Yes', '55', 'RK 2003/2004', 'Desktop Study', 'No Survey', '', '', 'Jaguar', 'TC', ''),
('03KRW029', 'all_completed', 'Botabek', 'BATUJAYA', 107.188, -6.07576, 'JL. RAYA TELUK AMBULU RT. 05 RW 03 DESA TELUK AMBULU KEC BATU JAYA, KAB. KARAWANG', 'TMG', 'PT Indosat Tbk', 'Green Field', 'SST-4L', '', '70', 'RK 2003/2004', 'Desktop Study', 'CME Survey', '', 'Yes', 'RAN', '', ''),
('03KRW032', 'structuralDesign_completed', '', 'TELAGASARI', 107.385, -6.28679, 'DESA TELAGA SARI? RT04 RW04? KEC.TELAGASARI? KAB. KARAWANG', 'TMG', 'PT Indosat Tbk', 'Green Field', 'SST-4L', 'Yes', '70', 'RK 2003/2004', 'Desktop Study', 'Full Survey', 'Yes', 'Yes', '', '', ''),
('03KRW059', 'groundingDesign_completed', 'Botabek', 'SEGARJAYA', 107.161, -6.02968, 'DUSUN KALI ASIN 1 RT.07 RW.02 DESA SEGAR JAYA KEC. BATU JAYA KARAWANG', 'TMG', 'PT Indosat Tbk', 'Green Field', 'SST-4L', '', '55', 'RK 2005', 'Desktop Study', 'CME Survey', '', 'Yes', 'RAN', '', ''),
('03KRW100', 'groundingDesign_completed', 'Botabek', 'CIMAHI', 107.324, -6.0585, 'DSN. CIMAHI RT.01 RW 05 DS. KEDUNG JERUK KEC. CIBUAYA', 'TMG', 'PT Indosat Tbk', 'Green Field', 'SST-4L', '', '52', '', 'Full Analysis', 'Full Survey', 'Yes', 'Yes', 'RAN', '', ''),
('03KRW172', 'structuralDesign_completed', 'Botabek', 'PANGULAHBARU', 0, 0, '', 'TMG', 'PT Indosat Tbk', 'Green Field', 'SST-4L', 'Yes', '52', 'DCK 2007', 'Desktop Study', 'No Survey', '', '', 'Jaguar', 'TC', 'Yes');

-- --------------------------------------------------------

--
-- Table structure for table `site_survey`
--

CREATE TABLE IF NOT EXISTS `site_survey` (
  `siteId` varchar(8) DEFAULT NULL,
  `surveyCompany` varchar(10) DEFAULT NULL,
  `PO_release` varchar(10) DEFAULT NULL,
  `surveyTeam` varchar(10) DEFAULT NULL,
  `surveyEngineer` varchar(10) DEFAULT NULL,
  `surveyPlanDate` varchar(10) DEFAULT NULL,
  `surveyActualDate` varchar(10) DEFAULT NULL,
  `issues` varchar(10) DEFAULT NULL,
  `remarks` varchar(10) DEFAULT NULL
) ENGINE=MyISAM DEFAULT CHARSET=utf8;

--
-- Dumping data for table `site_survey`
--

INSERT INTO `site_survey` (`siteId`, `surveyCompany`, `PO_release`, `surveyTeam`, `surveyEngineer`, `surveyPlanDate`, `surveyActualDate`, `issues`, `remarks`) VALUES
('02CLG003', NULL, NULL, NULL, NULL, NULL, NULL, NULL, NULL),
('02RKB073', NULL, NULL, NULL, NULL, NULL, NULL, NULL, NULL),
('02RKB005', NULL, NULL, NULL, NULL, NULL, NULL, NULL, NULL),
('01JKT078', NULL, NULL, NULL, NULL, NULL, NULL, NULL, NULL),
('02SRG038', NULL, NULL, NULL, NULL, NULL, NULL, NULL, NULL),
('01JKP177', NULL, NULL, NULL, NULL, NULL, NULL, NULL, NULL),
('01JKS179', NULL, NULL, NULL, NULL, NULL, NULL, NULL, NULL),
('03BGR095', NULL, NULL, NULL, NULL, NULL, NULL, NULL, NULL),
('03KRW014', NULL, NULL, NULL, NULL, NULL, NULL, NULL, NULL),
('02TGR002', NULL, NULL, NULL, NULL, NULL, NULL, NULL, NULL),
('01JKT085', NULL, NULL, NULL, NULL, NULL, NULL, NULL, NULL),
('01JKP666', NULL, NULL, NULL, NULL, NULL, NULL, NULL, NULL),
('02TGN082', NULL, NULL, NULL, NULL, NULL, NULL, NULL, NULL),
('02TGN099', NULL, NULL, NULL, NULL, NULL, NULL, NULL, NULL),
('01JKP832', NULL, NULL, NULL, NULL, NULL, NULL, NULL, NULL),
('02TGN043', NULL, NULL, NULL, NULL, NULL, NULL, NULL, NULL),
('01JKB367', NULL, NULL, NULL, NULL, NULL, NULL, NULL, NULL),
('01JKP044', NULL, NULL, NULL, NULL, NULL, NULL, NULL, NULL),
('03CBN068', NULL, NULL, NULL, NULL, NULL, NULL, NULL, NULL),
('03BKS218', NULL, NULL, NULL, NULL, NULL, NULL, NULL, NULL),
('02TGN010', NULL, NULL, NULL, NULL, NULL, NULL, NULL, NULL),
('01JKT100', NULL, NULL, NULL, NULL, NULL, NULL, NULL, NULL),
('03CBN094', NULL, NULL, NULL, NULL, NULL, NULL, NULL, NULL),
('02TGN241', NULL, NULL, NULL, NULL, NULL, NULL, NULL, NULL),
('02PDG007', NULL, NULL, NULL, NULL, NULL, NULL, NULL, NULL),
('03CBN189', NULL, NULL, NULL, NULL, NULL, NULL, NULL, NULL),
('03CBN061', NULL, NULL, NULL, NULL, NULL, NULL, NULL, NULL),
('03CJR141', NULL, NULL, NULL, NULL, NULL, NULL, NULL, NULL),
('03KRW143', NULL, NULL, NULL, NULL, NULL, NULL, NULL, NULL),
('03CKR172', NULL, NULL, NULL, NULL, NULL, NULL, NULL, NULL),
('02PDG043', NULL, NULL, NULL, NULL, NULL, NULL, NULL, NULL),
('03DPK009', NULL, NULL, NULL, NULL, NULL, NULL, NULL, NULL),
('03CKR042', NULL, NULL, NULL, NULL, NULL, NULL, NULL, NULL),
('02CLG004', NULL, NULL, NULL, NULL, NULL, NULL, NULL, NULL),
('02RKB108', NULL, NULL, NULL, NULL, NULL, NULL, NULL, NULL),
('02TGN032', NULL, NULL, NULL, NULL, NULL, NULL, NULL, NULL),
('03KRW059', NULL, NULL, NULL, NULL, NULL, NULL, NULL, NULL),
('02RKB133', NULL, NULL, NULL, NULL, NULL, NULL, NULL, NULL),
('02RKB022', NULL, NULL, NULL, NULL, NULL, NULL, NULL, NULL),
('02TGN110', NULL, NULL, NULL, NULL, NULL, NULL, NULL, NULL),
('02TGN187', NULL, NULL, NULL, NULL, NULL, NULL, NULL, NULL),
('03CBN310', NULL, NULL, NULL, NULL, NULL, NULL, NULL, NULL),
('02TGN012', NULL, NULL, NULL, NULL, NULL, NULL, NULL, NULL),
('02RKB013', NULL, NULL, NULL, NULL, NULL, NULL, NULL, NULL),
('01JKS319', NULL, NULL, NULL, NULL, NULL, NULL, NULL, NULL),
('02PDG008', NULL, NULL, NULL, NULL, NULL, NULL, NULL, NULL),
('03KRW172', NULL, NULL, NULL, NULL, NULL, NULL, NULL, NULL),
('02PDG012', NULL, NULL, NULL, NULL, NULL, NULL, NULL, NULL),
('02RKB072', NULL, NULL, NULL, NULL, NULL, NULL, NULL, NULL),
('02RKB109', NULL, NULL, NULL, NULL, NULL, NULL, NULL, NULL),
('02RKB131', NULL, NULL, NULL, NULL, NULL, NULL, NULL, NULL),
('02PDG076', NULL, NULL, NULL, NULL, NULL, NULL, NULL, NULL),
('02TGN107', NULL, NULL, NULL, NULL, NULL, NULL, NULL, NULL),
('01JKP677', NULL, NULL, NULL, NULL, NULL, NULL, NULL, NULL),
('01JKS203', NULL, NULL, NULL, NULL, NULL, NULL, NULL, NULL),
('01JKB039', NULL, NULL, NULL, NULL, NULL, NULL, NULL, NULL),
('02CLG001', NULL, NULL, NULL, NULL, NULL, NULL, NULL, NULL),
('03KRW024', NULL, NULL, NULL, NULL, NULL, NULL, NULL, NULL),
('02RKB001', NULL, NULL, NULL, NULL, NULL, NULL, NULL, NULL),
('01JKP468', NULL, NULL, NULL, NULL, NULL, NULL, NULL, NULL),
('02SRG002', NULL, NULL, NULL, NULL, NULL, NULL, NULL, NULL),
('01JKS153', NULL, NULL, NULL, NULL, NULL, NULL, NULL, NULL),
('01JKS225', NULL, NULL, NULL, NULL, NULL, NULL, NULL, NULL),
('01JKP206', NULL, NULL, NULL, NULL, NULL, NULL, NULL, NULL),
('03CBN002', NULL, NULL, NULL, NULL, NULL, NULL, NULL, NULL),
('03KRW003', NULL, NULL, NULL, NULL, NULL, NULL, NULL, NULL),
('02TGR017', NULL, NULL, NULL, NULL, NULL, NULL, NULL, NULL),
('01JKP233', NULL, NULL, NULL, NULL, NULL, NULL, NULL, NULL),
('02TGN040', NULL, NULL, NULL, NULL, NULL, NULL, NULL, NULL),
('02TGR035', NULL, NULL, NULL, NULL, NULL, NULL, NULL, NULL),
('01JKP237', NULL, NULL, NULL, NULL, NULL, NULL, NULL, NULL),
('03CKR010', NULL, NULL, NULL, NULL, NULL, NULL, NULL, NULL),
('02TGN053', NULL, NULL, NULL, NULL, NULL, NULL, NULL, NULL),
('03CBN006', NULL, NULL, NULL, NULL, NULL, NULL, NULL, NULL),
('01JKB118', NULL, NULL, NULL, NULL, NULL, NULL, NULL, NULL),
('03BKS080', NULL, NULL, NULL, NULL, NULL, NULL, NULL, NULL),
('02PDG025', NULL, NULL, NULL, NULL, NULL, NULL, NULL, NULL),
('03CBN116', NULL, NULL, NULL, NULL, NULL, NULL, NULL, NULL),
('03KRW100', NULL, NULL, NULL, NULL, NULL, NULL, NULL, NULL),
('03KRW019', NULL, NULL, NULL, NULL, NULL, NULL, NULL, NULL),
('02PDG006', NULL, NULL, NULL, NULL, NULL, NULL, NULL, NULL),
('03KRW029', NULL, NULL, NULL, NULL, NULL, NULL, NULL, NULL),
('02RKB033', NULL, NULL, NULL, NULL, NULL, NULL, NULL, NULL),
('02TGN080', NULL, NULL, NULL, NULL, NULL, NULL, NULL, NULL),
('01JKS011', NULL, NULL, NULL, NULL, NULL, NULL, NULL, NULL),
('02PDG002', NULL, NULL, NULL, NULL, NULL, NULL, NULL, NULL),
('03KRW025', NULL, NULL, NULL, NULL, NULL, NULL, NULL, NULL),
('02RKB101', NULL, NULL, NULL, NULL, NULL, NULL, NULL, NULL),
('02RKB007', NULL, NULL, NULL, NULL, NULL, NULL, NULL, NULL),
('03CBN241', NULL, NULL, NULL, NULL, NULL, NULL, NULL, NULL),
('01JKU163', NULL, NULL, NULL, NULL, NULL, NULL, NULL, NULL),
('03CBN066', NULL, NULL, NULL, NULL, NULL, NULL, NULL, NULL),
('02TGN033', NULL, NULL, NULL, NULL, NULL, NULL, NULL, NULL);

-- --------------------------------------------------------

--
-- Table structure for table `structural_survey_data`
--

CREATE TABLE IF NOT EXISTS `structural_survey_data` (
  `siteId` varchar(8) DEFAULT NULL,
  `photos` varchar(10) DEFAULT NULL,
  `sketches` varchar(10) DEFAULT NULL,
  `hammerTest` varchar(10) DEFAULT NULL,
  `ferroScan` varchar(10) DEFAULT NULL,
  `surveyData_complete` varchar(10) DEFAULT NULL,
  `remarks` varchar(10) DEFAULT NULL
) ENGINE=MyISAM DEFAULT CHARSET=utf8;

--
-- Dumping data for table `structural_survey_data`
--

INSERT INTO `structural_survey_data` (`siteId`, `photos`, `sketches`, `hammerTest`, `ferroScan`, `surveyData_complete`, `remarks`) VALUES
('02CLG003', NULL, NULL, NULL, NULL, NULL, NULL),
('02RKB073', NULL, NULL, NULL, NULL, NULL, NULL),
('02RKB005', NULL, NULL, NULL, NULL, NULL, NULL),
('01JKT078', NULL, NULL, NULL, NULL, NULL, NULL),
('02SRG038', NULL, NULL, NULL, NULL, NULL, NULL),
('01JKP177', NULL, NULL, NULL, NULL, NULL, NULL),
('01JKS179', NULL, NULL, NULL, NULL, NULL, NULL),
('03BGR095', NULL, NULL, NULL, NULL, NULL, NULL),
('03KRW014', NULL, NULL, NULL, NULL, NULL, NULL),
('02TGR002', NULL, NULL, NULL, NULL, NULL, NULL),
('01JKT085', NULL, NULL, NULL, NULL, NULL, NULL),
('01JKP666', NULL, NULL, NULL, NULL, NULL, NULL),
('02TGN082', NULL, NULL, NULL, NULL, NULL, NULL),
('02TGN099', NULL, NULL, NULL, NULL, NULL, NULL),
('01JKP832', NULL, NULL, NULL, NULL, NULL, NULL),
('02TGN043', NULL, NULL, NULL, NULL, NULL, NULL),
('01JKB367', NULL, NULL, NULL, NULL, NULL, NULL),
('01JKP044', NULL, NULL, NULL, NULL, NULL, NULL),
('03CBN068', NULL, NULL, NULL, NULL, NULL, NULL),
('03BKS218', NULL, NULL, NULL, NULL, NULL, NULL),
('02TGN010', NULL, NULL, NULL, NULL, NULL, NULL),
('01JKT100', NULL, NULL, NULL, NULL, NULL, NULL),
('03CBN094', NULL, NULL, NULL, NULL, NULL, NULL),
('02TGN241', NULL, NULL, NULL, NULL, NULL, NULL),
('02PDG007', NULL, NULL, NULL, NULL, NULL, NULL),
('03CBN189', NULL, NULL, NULL, NULL, NULL, NULL),
('03CBN061', NULL, NULL, NULL, NULL, NULL, NULL),
('03CJR141', NULL, NULL, NULL, NULL, NULL, NULL),
('03KRW143', NULL, NULL, NULL, NULL, NULL, NULL),
('03CKR172', NULL, NULL, NULL, NULL, NULL, NULL),
('02PDG043', NULL, NULL, NULL, NULL, NULL, NULL),
('03DPK009', NULL, NULL, NULL, NULL, NULL, NULL),
('03CKR042', NULL, NULL, NULL, NULL, NULL, NULL),
('02CLG004', NULL, NULL, NULL, NULL, NULL, NULL),
('02RKB108', NULL, NULL, NULL, NULL, NULL, NULL),
('02TGN032', NULL, NULL, NULL, NULL, NULL, NULL),
('03KRW059', NULL, NULL, NULL, NULL, NULL, NULL),
('02RKB133', NULL, NULL, NULL, NULL, NULL, NULL),
('02RKB022', NULL, NULL, NULL, NULL, NULL, NULL),
('02TGN110', NULL, NULL, NULL, NULL, NULL, NULL),
('02TGN187', NULL, NULL, NULL, NULL, NULL, NULL),
('03CBN310', NULL, NULL, NULL, NULL, NULL, NULL),
('02TGN012', NULL, NULL, NULL, NULL, NULL, NULL),
('02RKB013', NULL, NULL, NULL, NULL, NULL, NULL),
('01JKS319', NULL, NULL, NULL, NULL, NULL, NULL),
('02PDG008', NULL, NULL, NULL, NULL, NULL, NULL),
('03KRW172', NULL, NULL, NULL, NULL, NULL, NULL),
('02PDG012', NULL, NULL, NULL, NULL, NULL, NULL),
('02RKB072', NULL, NULL, NULL, NULL, NULL, NULL),
('02RKB109', NULL, NULL, NULL, NULL, NULL, NULL),
('02RKB131', NULL, NULL, NULL, NULL, NULL, NULL),
('02PDG076', NULL, NULL, NULL, NULL, NULL, NULL),
('02TGN107', NULL, NULL, NULL, NULL, NULL, NULL),
('01JKP677', NULL, NULL, NULL, NULL, NULL, NULL),
('01JKS203', NULL, NULL, NULL, NULL, NULL, NULL),
('01JKB039', NULL, NULL, NULL, NULL, NULL, NULL),
('02CLG001', NULL, NULL, NULL, NULL, NULL, NULL),
('03KRW024', NULL, NULL, NULL, NULL, NULL, NULL),
('02RKB001', NULL, NULL, NULL, NULL, NULL, NULL),
('01JKP468', NULL, NULL, NULL, NULL, NULL, NULL),
('02SRG002', NULL, NULL, NULL, NULL, NULL, NULL),
('01JKS153', NULL, NULL, NULL, NULL, NULL, NULL),
('01JKS225', NULL, NULL, NULL, NULL, NULL, NULL),
('01JKP206', NULL, NULL, NULL, NULL, NULL, NULL),
('03CBN002', NULL, NULL, NULL, NULL, NULL, NULL),
('03KRW003', NULL, NULL, NULL, NULL, NULL, NULL),
('02TGR017', NULL, NULL, NULL, NULL, NULL, NULL),
('01JKP233', NULL, NULL, NULL, NULL, NULL, NULL),
('02TGN040', NULL, NULL, NULL, NULL, NULL, NULL),
('02TGR035', NULL, NULL, NULL, NULL, NULL, NULL),
('01JKP237', NULL, NULL, NULL, NULL, NULL, NULL),
('03CKR010', NULL, NULL, NULL, NULL, NULL, NULL),
('02TGN053', NULL, NULL, NULL, NULL, NULL, NULL),
('03CBN006', NULL, NULL, NULL, NULL, NULL, NULL),
('01JKB118', NULL, NULL, NULL, NULL, NULL, NULL),
('03BKS080', NULL, NULL, NULL, NULL, NULL, NULL),
('02PDG025', NULL, NULL, NULL, NULL, NULL, NULL),
('03CBN116', NULL, NULL, NULL, NULL, NULL, NULL),
('03KRW100', NULL, NULL, NULL, NULL, NULL, NULL),
('03KRW019', NULL, NULL, NULL, NULL, NULL, NULL),
('02PDG006', NULL, NULL, NULL, NULL, NULL, NULL),
('03KRW029', NULL, NULL, NULL, NULL, NULL, NULL),
('02RKB033', NULL, NULL, NULL, NULL, NULL, NULL),
('02TGN080', NULL, NULL, NULL, NULL, NULL, NULL),
('01JKS011', NULL, NULL, NULL, NULL, NULL, NULL),
('02PDG002', NULL, NULL, NULL, NULL, NULL, NULL),
('03KRW025', NULL, NULL, NULL, NULL, NULL, NULL),
('02RKB101', NULL, NULL, NULL, NULL, NULL, NULL),
('02RKB007', NULL, NULL, NULL, NULL, NULL, NULL),
('03CBN241', NULL, NULL, NULL, NULL, NULL, NULL),
('01JKU163', NULL, NULL, NULL, NULL, NULL, NULL),
('03CBN066', NULL, NULL, NULL, NULL, NULL, NULL),
('02TGN033', NULL, NULL, NULL, NULL, NULL, NULL);

-- --------------------------------------------------------

--
-- Table structure for table `tower_strengthening_design`
--

CREATE TABLE IF NOT EXISTS `tower_strengthening_design` (
  `siteId` varchar(8) DEFAULT NULL,
  `structuralDrafter` varchar(10) DEFAULT NULL,
  `strenghtening_design_completed` varchar(10) DEFAULT NULL,
  `maintenanceDesign_completed` varchar(10) DEFAULT NULL,
  `triangulationOnly` varchar(10) DEFAULT NULL,
  `totalWeight` varchar(10) DEFAULT NULL,
  `strengtheningDesign_submitted_toTMG` varchar(10) DEFAULT NULL,
  `strengtheningMaintenance_submitted_to_ TMG` varchar(10) DEFAULT NULL,
  `designRevision_no` varchar(10) DEFAULT NULL,
  `comments` varchar(10) DEFAULT NULL
) ENGINE=MyISAM DEFAULT CHARSET=utf8;

--
-- Dumping data for table `tower_strengthening_design`
--

INSERT INTO `tower_strengthening_design` (`siteId`, `structuralDrafter`, `strenghtening_design_completed`, `maintenanceDesign_completed`, `triangulationOnly`, `totalWeight`, `strengtheningDesign_submitted_toTMG`, `strengtheningMaintenance_submitted_to_ TMG`, `designRevision_no`, `comments`) VALUES
('02CLG003', NULL, NULL, NULL, NULL, NULL, NULL, NULL, NULL, NULL),
('02RKB073', NULL, NULL, NULL, NULL, NULL, NULL, NULL, NULL, NULL),
('02RKB005', NULL, NULL, NULL, NULL, NULL, NULL, NULL, NULL, NULL),
('01JKT078', NULL, NULL, NULL, NULL, NULL, NULL, NULL, NULL, NULL),
('02SRG038', NULL, NULL, NULL, NULL, NULL, NULL, NULL, NULL, NULL),
('01JKP177', NULL, NULL, NULL, NULL, NULL, NULL, NULL, NULL, NULL),
('01JKS179', NULL, NULL, NULL, NULL, NULL, NULL, NULL, NULL, NULL),
('03BGR095', NULL, NULL, NULL, NULL, NULL, NULL, NULL, NULL, NULL),
('03KRW014', NULL, NULL, NULL, NULL, NULL, NULL, NULL, NULL, NULL),
('02TGR002', NULL, NULL, NULL, NULL, NULL, NULL, NULL, NULL, NULL),
('01JKT085', NULL, NULL, NULL, NULL, NULL, NULL, NULL, NULL, NULL),
('01JKP666', NULL, NULL, NULL, NULL, NULL, NULL, NULL, NULL, NULL),
('02TGN082', NULL, NULL, NULL, NULL, NULL, NULL, NULL, NULL, NULL),
('02TGN099', NULL, NULL, NULL, NULL, NULL, NULL, NULL, NULL, NULL),
('01JKP832', NULL, NULL, NULL, NULL, NULL, NULL, NULL, NULL, NULL),
('02TGN043', NULL, NULL, NULL, NULL, NULL, NULL, NULL, NULL, NULL),
('01JKB367', NULL, NULL, NULL, NULL, NULL, NULL, NULL, NULL, NULL),
('01JKP044', NULL, NULL, NULL, NULL, NULL, NULL, NULL, NULL, NULL),
('03CBN068', NULL, NULL, NULL, NULL, NULL, NULL, NULL, NULL, NULL),
('03BKS218', NULL, NULL, NULL, NULL, NULL, NULL, NULL, NULL, NULL),
('02TGN010', NULL, NULL, NULL, NULL, NULL, NULL, NULL, NULL, NULL),
('01JKT100', NULL, NULL, NULL, NULL, NULL, NULL, NULL, NULL, NULL),
('03CBN094', NULL, NULL, NULL, NULL, NULL, NULL, NULL, NULL, NULL),
('02TGN241', NULL, NULL, NULL, NULL, NULL, NULL, NULL, NULL, NULL),
('02PDG007', NULL, NULL, NULL, NULL, NULL, NULL, NULL, NULL, NULL),
('03CBN189', NULL, NULL, NULL, NULL, NULL, NULL, NULL, NULL, NULL),
('03CBN061', NULL, NULL, NULL, NULL, NULL, NULL, NULL, NULL, NULL),
('03CJR141', NULL, NULL, NULL, NULL, NULL, NULL, NULL, NULL, NULL),
('03KRW143', NULL, NULL, NULL, NULL, NULL, NULL, NULL, NULL, NULL),
('03CKR172', NULL, NULL, NULL, NULL, NULL, NULL, NULL, NULL, NULL),
('02PDG043', NULL, NULL, NULL, NULL, NULL, NULL, NULL, NULL, NULL),
('03DPK009', NULL, NULL, NULL, NULL, NULL, NULL, NULL, NULL, NULL),
('03CKR042', NULL, NULL, NULL, NULL, NULL, NULL, NULL, NULL, NULL),
('02CLG004', NULL, NULL, NULL, NULL, NULL, NULL, NULL, NULL, NULL),
('02RKB108', NULL, NULL, NULL, NULL, NULL, NULL, NULL, NULL, NULL),
('02TGN032', NULL, NULL, NULL, NULL, NULL, NULL, NULL, NULL, NULL),
('03KRW059', NULL, NULL, NULL, NULL, NULL, NULL, NULL, NULL, NULL),
('02RKB133', NULL, NULL, NULL, NULL, NULL, NULL, NULL, NULL, NULL),
('02RKB022', NULL, NULL, NULL, NULL, NULL, NULL, NULL, NULL, NULL),
('02TGN110', NULL, NULL, NULL, NULL, NULL, NULL, NULL, NULL, NULL),
('02TGN187', NULL, NULL, NULL, NULL, NULL, NULL, NULL, NULL, NULL),
('03CBN310', NULL, NULL, NULL, NULL, NULL, NULL, NULL, NULL, NULL),
('02TGN012', NULL, NULL, NULL, NULL, NULL, NULL, NULL, NULL, NULL),
('02RKB013', NULL, NULL, NULL, NULL, NULL, NULL, NULL, NULL, NULL),
('01JKS319', NULL, NULL, NULL, NULL, NULL, NULL, NULL, NULL, NULL),
('02PDG008', NULL, NULL, NULL, NULL, NULL, NULL, NULL, NULL, NULL),
('03KRW172', NULL, NULL, NULL, NULL, NULL, NULL, NULL, NULL, NULL),
('02PDG012', NULL, NULL, NULL, NULL, NULL, NULL, NULL, NULL, NULL),
('02RKB072', NULL, NULL, NULL, NULL, NULL, NULL, NULL, NULL, NULL),
('02RKB109', NULL, NULL, NULL, NULL, NULL, NULL, NULL, NULL, NULL),
('02RKB131', NULL, NULL, NULL, NULL, NULL, NULL, NULL, NULL, NULL),
('02PDG076', NULL, NULL, NULL, NULL, NULL, NULL, NULL, NULL, NULL),
('02TGN107', NULL, NULL, NULL, NULL, NULL, NULL, NULL, NULL, NULL),
('01JKP677', NULL, NULL, NULL, NULL, NULL, NULL, NULL, NULL, NULL),
('01JKS203', NULL, NULL, NULL, NULL, NULL, NULL, NULL, NULL, NULL),
('01JKB039', NULL, NULL, NULL, NULL, NULL, NULL, NULL, NULL, NULL),
('02CLG001', NULL, NULL, NULL, NULL, NULL, NULL, NULL, NULL, NULL),
('03KRW024', NULL, NULL, NULL, NULL, NULL, NULL, NULL, NULL, NULL),
('02RKB001', NULL, NULL, NULL, NULL, NULL, NULL, NULL, NULL, NULL),
('01JKP468', NULL, NULL, NULL, NULL, NULL, NULL, NULL, NULL, NULL),
('02SRG002', NULL, NULL, NULL, NULL, NULL, NULL, NULL, NULL, NULL),
('01JKS153', NULL, NULL, NULL, NULL, NULL, NULL, NULL, NULL, NULL),
('01JKS225', NULL, NULL, NULL, NULL, NULL, NULL, NULL, NULL, NULL),
('01JKP206', NULL, NULL, NULL, NULL, NULL, NULL, NULL, NULL, NULL),
('03CBN002', NULL, NULL, NULL, NULL, NULL, NULL, NULL, NULL, NULL),
('03KRW003', NULL, NULL, NULL, NULL, NULL, NULL, NULL, NULL, NULL),
('02TGR017', NULL, NULL, NULL, NULL, NULL, NULL, NULL, NULL, NULL),
('01JKP233', NULL, NULL, NULL, NULL, NULL, NULL, NULL, NULL, NULL),
('02TGN040', NULL, NULL, NULL, NULL, NULL, NULL, NULL, NULL, NULL),
('02TGR035', NULL, NULL, NULL, NULL, NULL, NULL, NULL, NULL, NULL),
('01JKP237', NULL, NULL, NULL, NULL, NULL, NULL, NULL, NULL, NULL),
('03CKR010', NULL, NULL, NULL, NULL, NULL, NULL, NULL, NULL, NULL),
('02TGN053', NULL, NULL, NULL, NULL, NULL, NULL, NULL, NULL, NULL),
('03CBN006', NULL, NULL, NULL, NULL, NULL, NULL, NULL, NULL, NULL),
('01JKB118', NULL, NULL, NULL, NULL, NULL, NULL, NULL, NULL, NULL),
('03BKS080', NULL, NULL, NULL, NULL, NULL, NULL, NULL, NULL, NULL),
('02PDG025', NULL, NULL, NULL, NULL, NULL, NULL, NULL, NULL, NULL),
('03CBN116', NULL, NULL, NULL, NULL, NULL, NULL, NULL, NULL, NULL),
('03KRW100', NULL, NULL, NULL, NULL, NULL, NULL, NULL, NULL, NULL),
('03KRW019', NULL, NULL, NULL, NULL, NULL, NULL, NULL, NULL, NULL),
('02PDG006', NULL, NULL, NULL, NULL, NULL, NULL, NULL, NULL, NULL),
('03KRW029', NULL, NULL, NULL, NULL, NULL, NULL, NULL, NULL, NULL),
('02RKB033', NULL, NULL, NULL, NULL, NULL, NULL, NULL, NULL, NULL),
('02TGN080', NULL, NULL, NULL, NULL, NULL, NULL, NULL, NULL, NULL),
('01JKS011', NULL, NULL, NULL, NULL, NULL, NULL, NULL, NULL, NULL),
('02PDG002', NULL, NULL, NULL, NULL, NULL, NULL, NULL, NULL, NULL),
('03KRW025', NULL, NULL, NULL, NULL, NULL, NULL, NULL, NULL, NULL),
('02RKB101', NULL, NULL, NULL, NULL, NULL, NULL, NULL, NULL, NULL),
('02RKB007', NULL, NULL, NULL, NULL, NULL, NULL, NULL, NULL, NULL),
('03CBN241', NULL, NULL, NULL, NULL, NULL, NULL, NULL, NULL, NULL),
('01JKU163', NULL, NULL, NULL, NULL, NULL, NULL, NULL, NULL, NULL),
('03CBN066', NULL, NULL, NULL, NULL, NULL, NULL, NULL, NULL, NULL),
('02TGN033', NULL, NULL, NULL, NULL, NULL, NULL, NULL, NULL, NULL);

-- --------------------------------------------------------

--
-- Table structure for table `tower_structural_analysis`
--

CREATE TABLE IF NOT EXISTS `tower_structural_analysis` (
  `siteId` varchar(8) DEFAULT NULL,
  `analyzed_by` varchar(10) DEFAULT NULL,
  `structuralEngineer` varchar(10) DEFAULT NULL,
  `preliminaryAnalisys_completed` varchar(10) DEFAULT NULL,
  `towerStrengh_rec` varchar(10) DEFAULT NULL,
  `towerMaintenance_rec` varchar(10) DEFAULT NULL,
  `towerAlready_strengh` varchar(10) DEFAULT NULL,
  `stiffLeg_mount_rec` varchar(10) DEFAULT NULL,
  `installationBeforestrengh_possible` varchar(10) DEFAULT NULL,
  `towerAnalisys_completed` varchar(10) DEFAULT NULL,
  `TowerAnalysis_submittedtoMTG` varchar(10) DEFAULT NULL,
  `comments` varchar(10) DEFAULT NULL
) ENGINE=MyISAM DEFAULT CHARSET=utf8;

--
-- Dumping data for table `tower_structural_analysis`
--

INSERT INTO `tower_structural_analysis` (`siteId`, `analyzed_by`, `structuralEngineer`, `preliminaryAnalisys_completed`, `towerStrengh_rec`, `towerMaintenance_rec`, `towerAlready_strengh`, `stiffLeg_mount_rec`, `installationBeforestrengh_possible`, `towerAnalisys_completed`, `TowerAnalysis_submittedtoMTG`, `comments`) VALUES
('02CLG003', NULL, NULL, NULL, NULL, NULL, NULL, NULL, NULL, NULL, NULL, NULL),
('02RKB073', NULL, NULL, NULL, NULL, NULL, NULL, NULL, NULL, NULL, NULL, NULL),
('02RKB005', NULL, NULL, NULL, NULL, NULL, NULL, NULL, NULL, NULL, NULL, NULL),
('01JKT078', NULL, NULL, NULL, NULL, NULL, NULL, NULL, NULL, NULL, NULL, NULL),
('02SRG038', NULL, NULL, NULL, NULL, NULL, NULL, NULL, NULL, NULL, NULL, NULL),
('01JKP177', NULL, NULL, NULL, NULL, NULL, NULL, NULL, NULL, NULL, NULL, NULL),
('01JKS179', NULL, NULL, NULL, NULL, NULL, NULL, NULL, NULL, NULL, NULL, NULL),
('03BGR095', NULL, NULL, NULL, NULL, NULL, NULL, NULL, NULL, NULL, NULL, NULL),
('03KRW014', NULL, NULL, NULL, NULL, NULL, NULL, NULL, NULL, NULL, NULL, NULL),
('02TGR002', NULL, NULL, NULL, NULL, NULL, NULL, NULL, NULL, NULL, NULL, NULL),
('01JKT085', NULL, NULL, NULL, NULL, NULL, NULL, NULL, NULL, NULL, NULL, NULL),
('01JKP666', NULL, NULL, NULL, NULL, NULL, NULL, NULL, NULL, NULL, NULL, NULL),
('02TGN082', NULL, NULL, NULL, NULL, NULL, NULL, NULL, NULL, NULL, NULL, NULL),
('02TGN099', NULL, NULL, NULL, NULL, NULL, NULL, NULL, NULL, NULL, NULL, NULL),
('01JKP832', NULL, NULL, NULL, NULL, NULL, NULL, NULL, NULL, NULL, NULL, NULL),
('02TGN043', NULL, NULL, NULL, NULL, NULL, NULL, NULL, NULL, NULL, NULL, NULL),
('01JKB367', NULL, NULL, NULL, NULL, NULL, NULL, NULL, NULL, NULL, NULL, NULL),
('01JKP044', NULL, NULL, NULL, NULL, NULL, NULL, NULL, NULL, NULL, NULL, NULL),
('03CBN068', NULL, NULL, NULL, NULL, NULL, NULL, NULL, NULL, NULL, NULL, NULL),
('03BKS218', NULL, NULL, NULL, NULL, NULL, NULL, NULL, NULL, NULL, NULL, NULL),
('02TGN010', NULL, NULL, NULL, NULL, NULL, NULL, NULL, NULL, NULL, NULL, NULL),
('01JKT100', NULL, NULL, NULL, NULL, NULL, NULL, NULL, NULL, NULL, NULL, NULL),
('03CBN094', NULL, NULL, NULL, NULL, NULL, NULL, NULL, NULL, NULL, NULL, NULL),
('02TGN241', NULL, NULL, NULL, NULL, NULL, NULL, NULL, NULL, NULL, NULL, NULL),
('02PDG007', NULL, NULL, NULL, NULL, NULL, NULL, NULL, NULL, NULL, NULL, NULL),
('03CBN189', NULL, NULL, NULL, NULL, NULL, NULL, NULL, NULL, NULL, NULL, NULL),
('03CBN061', NULL, NULL, NULL, NULL, NULL, NULL, NULL, NULL, NULL, NULL, NULL),
('03CJR141', NULL, NULL, NULL, NULL, NULL, NULL, NULL, NULL, NULL, NULL, NULL),
('03KRW143', NULL, NULL, NULL, NULL, NULL, NULL, NULL, NULL, NULL, NULL, NULL),
('03CKR172', NULL, NULL, NULL, NULL, NULL, NULL, NULL, NULL, NULL, NULL, NULL),
('02PDG043', NULL, NULL, NULL, NULL, NULL, NULL, NULL, NULL, NULL, NULL, NULL),
('03DPK009', NULL, NULL, NULL, NULL, NULL, NULL, NULL, NULL, NULL, NULL, NULL),
('03CKR042', NULL, NULL, NULL, NULL, NULL, NULL, NULL, NULL, NULL, NULL, NULL),
('02CLG004', NULL, NULL, NULL, NULL, NULL, NULL, NULL, NULL, NULL, NULL, NULL),
('02RKB108', NULL, NULL, NULL, NULL, NULL, NULL, NULL, NULL, NULL, NULL, NULL),
('02TGN032', NULL, NULL, NULL, NULL, NULL, NULL, NULL, NULL, NULL, NULL, NULL),
('03KRW059', NULL, NULL, NULL, NULL, NULL, NULL, NULL, NULL, NULL, NULL, NULL),
('02RKB133', NULL, NULL, NULL, NULL, NULL, NULL, NULL, NULL, NULL, NULL, NULL),
('02RKB022', NULL, NULL, NULL, NULL, NULL, NULL, NULL, NULL, NULL, NULL, NULL),
('02TGN110', NULL, NULL, NULL, NULL, NULL, NULL, NULL, NULL, NULL, NULL, NULL),
('02TGN187', NULL, NULL, NULL, NULL, NULL, NULL, NULL, NULL, NULL, NULL, NULL),
('03CBN310', NULL, NULL, NULL, NULL, NULL, NULL, NULL, NULL, NULL, NULL, NULL),
('02TGN012', NULL, NULL, NULL, NULL, NULL, NULL, NULL, NULL, NULL, NULL, NULL),
('02RKB013', NULL, NULL, NULL, NULL, NULL, NULL, NULL, NULL, NULL, NULL, NULL),
('01JKS319', NULL, NULL, NULL, NULL, NULL, NULL, NULL, NULL, NULL, NULL, NULL),
('02PDG008', NULL, NULL, NULL, NULL, NULL, NULL, NULL, NULL, NULL, NULL, NULL),
('03KRW172', NULL, NULL, NULL, NULL, NULL, NULL, NULL, NULL, NULL, NULL, NULL),
('02PDG012', NULL, NULL, NULL, NULL, NULL, NULL, NULL, NULL, NULL, NULL, NULL),
('02RKB072', NULL, NULL, NULL, NULL, NULL, NULL, NULL, NULL, NULL, NULL, NULL),
('02RKB109', NULL, NULL, NULL, NULL, NULL, NULL, NULL, NULL, NULL, NULL, NULL),
('02RKB131', NULL, NULL, NULL, NULL, NULL, NULL, NULL, NULL, NULL, NULL, NULL),
('02PDG076', NULL, NULL, NULL, NULL, NULL, NULL, NULL, NULL, NULL, NULL, NULL),
('02TGN107', NULL, NULL, NULL, NULL, NULL, NULL, NULL, NULL, NULL, NULL, NULL),
('01JKP677', NULL, NULL, NULL, NULL, NULL, NULL, NULL, NULL, NULL, NULL, NULL),
('01JKS203', NULL, NULL, NULL, NULL, NULL, NULL, NULL, NULL, NULL, NULL, NULL),
('01JKB039', NULL, NULL, NULL, NULL, NULL, NULL, NULL, NULL, NULL, NULL, NULL),
('02CLG001', NULL, NULL, NULL, NULL, NULL, NULL, NULL, NULL, NULL, NULL, NULL),
('03KRW024', NULL, NULL, NULL, NULL, NULL, NULL, NULL, NULL, NULL, NULL, NULL),
('02RKB001', NULL, NULL, NULL, NULL, NULL, NULL, NULL, NULL, NULL, NULL, NULL),
('01JKP468', NULL, NULL, NULL, NULL, NULL, NULL, NULL, NULL, NULL, NULL, NULL),
('02SRG002', NULL, NULL, NULL, NULL, NULL, NULL, NULL, NULL, NULL, NULL, NULL),
('01JKS153', NULL, NULL, NULL, NULL, NULL, NULL, NULL, NULL, NULL, NULL, NULL),
('01JKS225', NULL, NULL, NULL, NULL, NULL, NULL, NULL, NULL, NULL, NULL, NULL),
('01JKP206', NULL, NULL, NULL, NULL, NULL, NULL, NULL, NULL, NULL, NULL, NULL),
('03CBN002', NULL, NULL, NULL, NULL, NULL, NULL, NULL, NULL, NULL, NULL, NULL),
('03KRW003', NULL, NULL, NULL, NULL, NULL, NULL, NULL, NULL, NULL, NULL, NULL),
('02TGR017', NULL, NULL, NULL, NULL, NULL, NULL, NULL, NULL, NULL, NULL, NULL),
('01JKP233', NULL, NULL, NULL, NULL, NULL, NULL, NULL, NULL, NULL, NULL, NULL),
('02TGN040', NULL, NULL, NULL, NULL, NULL, NULL, NULL, NULL, NULL, NULL, NULL),
('02TGR035', NULL, NULL, NULL, NULL, NULL, NULL, NULL, NULL, NULL, NULL, NULL),
('01JKP237', NULL, NULL, NULL, NULL, NULL, NULL, NULL, NULL, NULL, NULL, NULL),
('03CKR010', NULL, NULL, NULL, NULL, NULL, NULL, NULL, NULL, NULL, NULL, NULL),
('02TGN053', NULL, NULL, NULL, NULL, NULL, NULL, NULL, NULL, NULL, NULL, NULL),
('03CBN006', NULL, NULL, NULL, NULL, NULL, NULL, NULL, NULL, NULL, NULL, NULL),
('01JKB118', NULL, NULL, NULL, NULL, NULL, NULL, NULL, NULL, NULL, NULL, NULL),
('03BKS080', NULL, NULL, NULL, NULL, NULL, NULL, NULL, NULL, NULL, NULL, NULL),
('02PDG025', NULL, NULL, NULL, NULL, NULL, NULL, NULL, NULL, NULL, NULL, NULL),
('03CBN116', NULL, NULL, NULL, NULL, NULL, NULL, NULL, NULL, NULL, NULL, NULL),
('03KRW100', NULL, NULL, NULL, NULL, NULL, NULL, NULL, NULL, NULL, NULL, NULL),
('03KRW019', NULL, NULL, NULL, NULL, NULL, NULL, NULL, NULL, NULL, NULL, NULL),
('02PDG006', NULL, NULL, NULL, NULL, NULL, NULL, NULL, NULL, NULL, NULL, NULL),
('03KRW029', NULL, NULL, NULL, NULL, NULL, NULL, NULL, NULL, NULL, NULL, NULL),
('02RKB033', NULL, NULL, NULL, NULL, NULL, NULL, NULL, NULL, NULL, NULL, NULL),
('02TGN080', NULL, NULL, NULL, NULL, NULL, NULL, NULL, NULL, NULL, NULL, NULL),
('01JKS011', NULL, NULL, NULL, NULL, NULL, NULL, NULL, NULL, NULL, NULL, NULL),
('02PDG002', NULL, NULL, NULL, NULL, NULL, NULL, NULL, NULL, NULL, NULL, NULL),
('03KRW025', NULL, NULL, NULL, NULL, NULL, NULL, NULL, NULL, NULL, NULL, NULL),
('02RKB101', NULL, NULL, NULL, NULL, NULL, NULL, NULL, NULL, NULL, NULL, NULL),
('02RKB007', NULL, NULL, NULL, NULL, NULL, NULL, NULL, NULL, NULL, NULL, NULL),
('03CBN241', NULL, NULL, NULL, NULL, NULL, NULL, NULL, NULL, NULL, NULL, NULL),
('01JKU163', NULL, NULL, NULL, NULL, NULL, NULL, NULL, NULL, NULL, NULL, NULL),
('03CBN066', NULL, NULL, NULL, NULL, NULL, NULL, NULL, NULL, NULL, NULL, NULL),
('02TGN033', NULL, NULL, NULL, NULL, NULL, NULL, NULL, NULL, NULL, NULL, NULL);

/*!40101 SET CHARACTER_SET_CLIENT=@OLD_CHARACTER_SET_CLIENT */;
/*!40101 SET CHARACTER_SET_RESULTS=@OLD_CHARACTER_SET_RESULTS */;
/*!40101 SET COLLATION_CONNECTION=@OLD_COLLATION_CONNECTION */;
